category,sequence,frames_analyzed,groups_analyzed,cue,label,coverage,top_disagreement_share,top_disagreement_enrichment,top_excess_share,top_excess_enrichment,excess_mass_share,mean_excess_enrichment
toytruck,190_20494_39385,188,32,object_boundary,Object boundary,0.0593953444650488,0.11072365313690219,1.8641806716359317,0.09324282225728327,1.569867522397349,0.062132314778836684,1.0460805529194035
toytruck,190_20494_39385,188,32,rgb_edge,RGB edge,0.1000426776639986,0.12380287210202093,1.2375005846786993,0.10826156428061784,1.0821538048414001,0.10273829162343077,1.0269446402512896
toytruck,190_20494_39385,188,32,corner,Harris corner,0.05924303195395839,0.07360138278949643,1.2423635381574807,0.0731592117295923,1.2348998576988612,0.06087785654899377,1.0275952216001691
toytruck,190_20494_39385,188,32,low_texture,Low texture,0.20004162203273362,0.14389150730084715,0.7193078412316692,0.18515913133485412,0.9256030292763562,0.202739739563025,1.0134877807072062
toytruck,190_20494_39385,188,32,high_texture,High texture,0.2000406166696241,0.27005597483644694,1.350005710502564,0.217628556210996,1.0879218422447634,0.1981784468092049,0.9906910411924261
toytruck,190_20494_39385,188,32,thin_structure,Thin/protrusion heuristic,1.5583128197368865e-05,5.024671135274196e-06,0.32244303400665003,1.507401340582259e-05,0.9673291020199503,1.3255217639048655e-05,0.8506133987453646
toytruck,190_20494_39385,188,32,high_depth_gradient,High GT depth gradient,0.04562388059101276,0.061074877649257855,1.338660299345267,0.049472911997909735,1.0843644020858494,0.040838692638813776,0.8951165948575274
toytruck,190_20494_39385,188,32,smooth_flat,Smooth/flat interior,0.029272654977980036,0.016867821001115477,0.5762313330924056,0.022193972404506126,0.7581810539973654,0.028069399559402408,0.9588948997115991
bench,415_57112_110099,196,33,object_boundary,Object boundary,0.04083164952984895,0.0913002286217107,2.2360161706170594,0.07219803444711065,1.7681880423256497,0.05610370408328195,1.3740249225608372
bench,415_57112_110099,196,33,rgb_edge,RGB edge,0.10002413661648914,0.13092979127134724,1.3089819687557618,0.12469465370693773,1.2466456389925151,0.10667167520332578,1.0664593448311832
bench,415_57112_110099,196,33,corner,Harris corner,0.07594718670725795,0.09996464056186417,1.3162388877837259,0.10111449709971632,1.3313791001826962,0.0811556423005074,1.0685799674624643
bench,415_57112_110099,196,33,low_texture,Low texture,0.20003288411508252,0.1423581776123472,0.7116738742338283,0.14460390681303495,0.7229006743203369,0.18980258026338384,0.948856889721127
bench,415_57112_110099,196,33,high_texture,High texture,0.2000210047960051,0.2421122810616469,1.210434280682518,0.2328999327900756,1.1643773764040564,0.20513037087284886,1.0255441476361677
bench,415_57112_110099,196,33,thin_structure,Thin/protrusion heuristic,7.964543472368164e-05,0.00015925243129877106,1.9995173841573521,0.00016465081880042432,2.0672976344677707,9.396817293426567e-05,1.1798312515999783
bench,415_57112_110099,196,33,high_depth_gradient,High GT depth gradient,0.03886670216063215,0.0675203316769281,1.737228216530268,0.05717432203000963,1.471036101640781,0.04172979127031724,1.073664318054365
bench,415_57112_110099,196,33,smooth_flat,Smooth/flat interior,0.04874516592708906,0.017061603698975115,0.3500163221209491,0.019941643431107128,0.409099918973196,0.044248211001754925,0.9077456227749744
toaster,372_41229_82130,202,34,object_boundary,Object boundary,0.048187212830197626,0.10979608653200364,2.278531587184835,0.07167730538482811,1.48747564291392,0.07579589949736104,1.572946328405651
toaster,372_41229_82130,202,34,rgb_edge,RGB edge,0.10004986032896523,0.0877115750382373,0.8766786355307294,0.09842930755207892,0.9838025483338215,0.09970933569334561,0.9965964506646988
toaster,372_41229_82130,202,34,corner,Harris corner,0.049362290345222076,0.052933972220811254,1.0723564861073123,0.04854867566301507,0.9835174851791342,0.04990882128900865,1.011071831148116
toaster,372_41229_82130,202,34,low_texture,Low texture,0.20004607704239596,0.1895441436255171,0.9475024275799562,0.21070305841982584,1.0532726336601508,0.23254437988838753,1.1624540872106388
toaster,372_41229_82130,202,34,high_texture,High texture,0.20004607704239596,0.17365661491226586,0.868083081056684,0.21885846836321768,1.0940402911117062,0.20090439186936687,1.0042905856473705
toaster,372_41229_82130,202,34,thin_structure,Thin/protrusion heuristic,0.0001518961324082539,0.00028219411568829964,1.857809749426941,9.594599933402188e-05,0.63165531480516,0.00029873833295040406,1.9667277119833426
toaster,372_41229_82130,202,34,high_depth_gradient,High GT depth gradient,0.03221553214184275,0.04113261430272656,1.2767945015349278,0.04587911932860376,1.424130420276815,0.0345840325183835,1.073520448649192
toaster,372_41229_82130,202,34,smooth_flat,Smooth/flat interior,0.019318477628071307,0.011925523328987544,0.6173117550245676,0.015436018128149992,0.7990287032618042,0.01987808173830645,1.0289672986147722
donut,391_47032_93657,198,33,object_boundary,Object boundary,0.038370858746334745,0.1253200961273293,3.2660227115532074,0.05899836723616419,1.5375826646517214,0.03612497621545292,0.9414690573977222
donut,391_47032_93657,198,33,rgb_edge,RGB edge,0.10003774728412232,0.10738158084807417,1.0734106251222777,0.11282704522274313,1.1278447214759573,0.1016679655504176,1.016296031353697
donut,391_47032_93657,198,33,corner,Harris corner,0.09722246550196005,0.07794805797405963,0.8017494472251185,0.09833353031556553,1.0114280666291382,0.10035744006508185,1.0322453719614693
donut,391_47032_93657,198,33,low_texture,Low texture,0.20003170421543454,0.13984425271507175,0.6991104398353734,0.17773050204204915,0.8885116623844441,0.1993846012504003,0.9967649979908321
donut,391_47032_93657,198,33,high_texture,High texture,0.20003170421543454,0.20254150853370803,1.0125470326222408,0.23086755352444988,1.1541548097585823,0.2052874062368276,1.0262743450694831
donut,391_47032_93657,198,33,thin_structure,Thin/protrusion heuristic,0.0,0.0,nan,0.0,nan,0.0,nan
donut,391_47032_93657,198,33,high_depth_gradient,High GT depth gradient,0.039235280310806406,0.05729994265628351,1.4604188424901259,0.06974046496561566,1.777493735565522,0.03880260275314983,0.9889722322810219
donut,391_47032_93657,198,33,smooth_flat,Smooth/flat interior,0.04463725823346214,0.019431202861057487,0.4353135391835282,0.033920340385297246,0.7599109292933454,0.04278548857004547,0.9585151566941785
remote,350_36761_68623,202,34,object_boundary,Object boundary,0.06117724071872428,0.25740113115157215,4.207465523576489,0.17946072509167887,2.933455693380954,0.06709195582496828,1.0966816259896095
remote,350_36761_68623,202,34,rgb_edge,RGB edge,0.10004529864751181,0.18267349491623278,1.8259078376070796,0.14385831738530785,1.43793181019092,0.10408590511503397,1.04038776956185
remote,350_36761_68623,202,34,corner,Harris corner,0.04917443616019356,0.02684079415821154,0.5458282037189685,0.03135257075043033,0.6375786526213404,0.04876225479253872,0.9916179747071814
remote,350_36761_68623,202,34,low_texture,Low texture,0.20004299895230165,0.2262730800893802,1.1311222150960298,0.2561662728662611,1.2805560514884178,0.20129331949405127,1.0062502589358189
remote,350_36761_68623,202,34,high_texture,High texture,0.20004192932662251,0.3826670800679974,1.9129343600920283,0.2924101653961703,1.4617443771937018,0.20317742148331716,1.0156741747455111
remote,350_36761_68623,202,34,thin_structure,Thin/protrusion heuristic,0.0,0.0,nan,0.0,nan,0.0,nan
remote,350_36761_68623,202,34,high_depth_gradient,High GT depth gradient,0.05284432186534162,0.05459570418996504,1.033142299168609,0.05283696663209776,0.9998608131775709,0.052236387041296725,0.9884957398905783
remote,350_36761_68623,202,34,smooth_flat,Smooth/flat interior,0.030925552448292957,0.015534624143350476,0.5023232541867805,0.01898260506986839,0.6138161994553536,0.03240229263086972,1.0477514568267081
orange,385_45386_90752,192,32,object_boundary,Object boundary,0.01536826814766374,0.05181797245263656,3.3717509321643275,0.04234730364725799,2.7555026526326953,0.01772011129589319,1.1530324123467985
orange,385_45386_90752,192,32,rgb_edge,RGB edge,0.10003358676317775,0.1226257671686175,1.225845949710122,0.11888032775625149,1.188404131081414,0.1000233015519905,0.999897182421224
orange,385_45386_90752,192,32,corner,Harris corner,0.09074124895066626,0.01886457024416063,0.20789409956674523,0.04760384806526034,0.5246108976430482,0.08597560274354908,0.9474809277784115
orange,385_45386_90752,192,32,low_texture,Low texture,0.20004615653856678,0.1296479610183393,0.6480902370815835,0.14954687051769489,0.7475618282566895,0.19855415698622225,0.9925417234794166
orange,385_45386_90752,192,32,high_texture,High texture,0.20003120214340941,0.33566329024933234,1.67805465673642,0.29485537432171993,1.4740469044940685,0.204849190898385,1.0240861860717179
orange,385_45386_90752,192,32,thin_structure,Thin/protrusion heuristic,0.0,0.0,nan,0.0,nan,0.0,nan
orange,385_45386_90752,192,32,high_depth_gradient,High GT depth gradient,0.03519375439790574,0.08201987062678534,2.3305234701435,0.06717144577193628,1.9086183591692458,0.03756082476584164,1.0672582510286757
orange,385_45386_90752,192,32,smooth_flat,Smooth/flat interior,0.03289764848198743,0.006210075918885176,0.18876959920966394,0.012476717265788825,0.3792586352371127,0.03126765867260368,0.9504526954175393
broccoli,412_56288_108844,202,34,object_boundary,Object boundary,0.04189330094737447,0.1138333640709898,2.717221166553216,0.08157301139184837,1.9471612297708114,0.04260850670189906,1.017072079266874
broccoli,412_56288_108844,202,34,rgb_edge,RGB edge,0.10006665053047151,0.10990367291350424,1.09830470322415,0.11657137993162053,1.1649373623845152,0.10044768854591823,1.0038078422074366
broccoli,412_56288_108844,202,34,corner,Harris corner,0.09588732866235437,0.10857722481521939,1.1323417424376232,0.1176070025110301,1.226512451141033,0.09702265609213917,1.0118402237878854
broccoli,412_56288_108844,202,34,low_texture,Low texture,0.20006232073030242,0.27681624083190287,1.3836500537503509,0.2127211337939253,1.0632743487999812,0.20244136720943978,1.0118915269524664
broccoli,412_56288_108844,202,34,high_texture,High texture,0.20006303053360883,0.27928471108967357,1.3959836074899215,0.26755947736526264,1.3373759092403381,0.19855932627971087,0.9924838474660348
broccoli,412_56288_108844,202,34,thin_structure,Thin/protrusion heuristic,0.0,0.0,nan,0.0,nan,0.0,nan
broccoli,412_56288_108844,202,34,high_depth_gradient,High GT depth gradient,0.01886302286773312,0.022719856998964377,1.2044653265955962,0.025500432691625642,1.3518741333472273,0.01882667223194286,0.9980729156697126
broccoli,412_56288_108844,202,34,smooth_flat,Smooth/flat interior,0.015811578453494752,0.013817758799245272,0.8739012894813929,0.014512902722410589,0.9178655227304569,0.016249799446227335,1.0277151957991726
suitcase,50_2928_8645,202,34,object_boundary,Object boundary,0.02921402589418369,0.11412349599236153,3.906462478185272,0.0511133954995921,1.7496183403386532,0.03486953188086614,1.1935887236893434
suitcase,50_2928_8645,202,34,rgb_edge,RGB edge,0.10003183711109322,0.06693542781677904,0.6691412429269092,0.08690228386006373,0.8687462548903496,0.1018700881502795,1.0183766597942687
suitcase,50_2928_8645,202,34,corner,Harris corner,0.08577356861080412,0.050601237228053104,0.5899397453970374,0.06790852853270314,0.7917185868858593,0.08629283732354995,1.0060539478671102
suitcase,50_2928_8645,202,34,low_texture,Low texture,0.20003037333587054,0.3057182471017329,1.528359128682933,0.20329025106730125,1.0162969136989863,0.19226995588463955,0.9612038045932129
suitcase,50_2928_8645,202,34,high_texture,High texture,0.2000307392796762,0.12121322977980853,0.6059730130294239,0.16536493105983838,0.8266975948563122,0.20126295682006695,1.0061601409104821
suitcase,50_2928_8645,202,34,thin_structure,Thin/protrusion heuristic,3.4032773927235736e-05,0.00012438129451661405,3.6547504115459195,5.487410052203561e-05,1.6123898874467293,1.130916797298555e-05,0.33230226831245907
suitcase,50_2928_8645,202,34,high_depth_gradient,High GT depth gradient,0.04329481164872322,0.04114825884479044,0.9504200914107432,0.0415543271886535,0.959799237049665,0.043606659461192125,1.0072028910761666
suitcase,50_2928_8645,202,34,smooth_flat,Smooth/flat interior,0.02020778289285897,0.0038777697702238496,0.19189486500244302,0.023339784088705812,1.1549898478448928,0.02180297760688382,1.0789396205651316
donut,403_52964_103416,201,34,object_boundary,Object boundary,0.04495291459875833,0.10922310661264234,2.4297224682214322,0.09126215147098861,2.030172065272702,0.046496178091109786,1.0343306659006728
donut,403_52964_103416,201,34,rgb_edge,RGB edge,0.10007861591118726,0.12458961259428901,1.2449174227674524,0.10812607101103441,1.080411334894846,0.09726308406282287,0.971866798688913
donut,403_52964_103416,201,34,corner,Harris corner,0.09372843772313576,0.08674588811838375,0.9255023365973757,0.07455037555452347,0.7953869430186992,0.0898843736636161,0.958987217189359
donut,403_52964_103416,201,34,low_texture,Low texture,0.2000674766536388,0.17430854726862158,0.8712487915783951,0.19571275283867973,0.9782337245023685,0.20535856204532887,1.0264465043503803
donut,403_52964_103416,201,34,high_texture,High texture,0.20006667526820368,0.29409362438141606,1.4699780659980606,0.23642318348521005,1.1817219592831634,0.19477252997670247,0.973538095315454
donut,403_52964_103416,201,34,thin_structure,Thin/protrusion heuristic,0.0,0.0,nan,0.0,nan,0.0,nan
donut,403_52964_103416,201,34,high_depth_gradient,High GT depth gradient,0.030243484936758668,0.05362662353261479,1.7731628363844965,0.042007655226533845,1.3889819679965756,0.027866671801832957,0.9214107388782806
donut,403_52964_103416,201,34,smooth_flat,Smooth/flat interior,0.027466684403997632,0.01822520459313592,0.6635385736795861,0.022317067311542097,0.8125140618826918,0.027369387003535518,0.9964576212027997
teddybear,187_20215_38541,202,34,object_boundary,Object boundary,0.035321129672173976,0.1300442277523429,3.6817686455479333,0.07150991808489716,2.024564863825201,0.04305244780838262,1.2188864911163748
teddybear,187_20215_38541,202,34,rgb_edge,RGB edge,0.10004076834838772,0.17736838012998477,1.7729609943848783,0.1539967343727846,1.539339780323333,0.11137429797523218,1.1132891101693252
teddybear,187_20215_38541,202,34,corner,Harris corner,0.09371595488302778,0.15189740259146273,1.6208275611239786,0.1410165522477486,1.504722994326413,0.10291193374529765,1.0981260754772002
teddybear,187_20215_38541,202,34,low_texture,Low texture,0.20003669608912117,0.1768561248805119,0.8841184059634649,0.14380194016675737,0.7188778008145573,0.19990937160760738,0.999363494378766
teddybear,187_20215_38541,202,34,high_texture,High texture,0.20003669608912117,0.31699452527202127,1.584681868224781,0.2941762981325552,1.470611662179686,0.21624169631137016,1.0810101373351482
teddybear,187_20215_38541,202,34,thin_structure,Thin/protrusion heuristic,1.875984605944858e-05,4.573707584579288e-06,0.2438030445498083,0.0,0.0,1.102664284152661e-05,0.5877789618626925
teddybear,187_20215_38541,202,34,high_depth_gradient,High GT depth gradient,0.010245163734563736,0.01220265183565754,1.1910645990449031,0.012083735438458478,1.1794575227423667,0.009925357585322417,0.968784671721507
teddybear,187_20215_38541,202,34,smooth_flat,Smooth/flat interior,0.011628359213532346,0.0045142493859797565,0.3882103487761506,0.004418201526703591,0.3799505541213389,0.011483862539902323,0.9875737693533007
bench,415_57121_110109,202,34,object_boundary,Object boundary,0.07261297638994962,0.12811391321904836,1.764339097340467,0.11077406762876289,1.525540931332697,0.07886641407881881,1.0861201124064477
bench,415_57121_110109,202,34,rgb_edge,RGB edge,0.10004309175658543,0.1163937736157448,1.1634363909798207,0.1219702141160861,1.2191767764719976,0.10623774138399451,1.0619198139385901
bench,415_57121_110109,202,34,corner,Harris corner,0.08885654869657054,0.09048736167062466,1.018353323395702,0.10211135574806027,1.149170851737136,0.096117577195976,1.0817163012284055
bench,415_57121_110109,202,34,low_texture,Low texture,0.2000477087305053,0.24619984809006912,1.2307056634262068,0.2343931775134844,1.1716863892165226,0.19901982150777525,0.9948617895738322
bench,415_57121_110109,202,34,high_texture,High texture,0.20003905190440555,0.20681864069455527,1.0338913263465652,0.21982232306819602,1.0988970452291709,0.20537154815453204,1.0266572761636301
bench,415_57121_110109,202,34,thin_structure,Thin/protrusion heuristic,4.809347833196427e-06,9.614552586795374e-06,1.9991385360882235,9.614552586795374e-06,1.9991385360882235,4.128732490466761e-06,0.8584807407707689
bench,415_57121_110109,202,34,high_depth_gradient,High GT depth gradient,0.0208653555743227,0.03452585833918219,1.6546978179308078,0.021041448336201675,1.0084394805183996,0.018445954823598697,0.8840469915738526
bench,415_57121_110109,202,34,smooth_flat,Smooth/flat interior,0.011416910821224998,0.007768558490130662,0.6804431261465455,0.02023863319520426,1.7726890848248493,0.014255680412270847,1.2486460335459866
orange,374_42196_84367,183,31,object_boundary,Object boundary,0.038405316921624334,0.16864190704389764,4.391108329819376,0.11362393634995238,2.9585470309184134,0.06262647742306753,1.6306720642579915
orange,374_42196_84367,183,31,rgb_edge,RGB edge,0.10005188080201327,0.2551285595797622,2.549962654721314,0.18746044911375295,1.8736324356031577,0.1254872303820839,1.254221603593871
orange,374_42196_84367,183,31,corner,Harris corner,0.08892148172554072,0.04547046355174638,0.5113552166403678,0.07776241821030319,0.8745065500631178,0.088538499159218,0.9956930253647279
orange,374_42196_84367,183,31,low_texture,Low texture,0.20007548533752642,0.14878505821276072,0.7436446197382004,0.16796608607501612,0.8395135755470396,0.188338426744062,0.9413368480717963
orange,374_42196_84367,183,31,high_texture,High texture,0.20004413556379802,0.4700027647221454,2.3494953421029043,0.37290572297484104,1.8641172455461161,0.24460423292908426,1.2227513305486286
orange,374_42196_84367,183,31,thin_structure,Thin/protrusion heuristic,0.0,0.0,nan,0.0,nan,0.0,nan
orange,374_42196_84367,183,31,high_depth_gradient,High GT depth gradient,0.029662418260075263,0.047252173378797654,1.592998014002037,0.06101434583602126,2.0569579088615564,0.04057837692785379,1.3680063632057635
orange,374_42196_84367,183,31,smooth_flat,Smooth/flat interior,0.02106458913970074,0.007384880041778024,0.3505826765858743,0.015064663779067981,0.7151653269455605,0.021381492309573865,1.015044355613652
ball,123_14363_28981,202,34,object_boundary,Object boundary,0.028623481318704003,0.1222465864489856,4.270849694621305,0.09596270430632589,3.3525867534365603,0.037039476923504955,1.294024179347518
ball,123_14363_28981,202,34,rgb_edge,RGB edge,0.10003011833889804,0.1062853562807496,1.062533545353401,0.12037443107483094,1.2033818721178273,0.10320767062089142,1.0317659554418197
ball,123_14363_28981,202,34,corner,Harris corner,0.08259687174785531,0.06873537378613942,0.8321788989293555,0.0906705485636367,1.0977479733182633,0.08352134693074866,1.011192617387684
ball,123_14363_28981,202,34,low_texture,Low texture,0.20003295690939393,0.17008605281099706,0.8502901493779274,0.1570730988225322,0.7852360993377674,0.19457070983897645,0.9726932643759716
ball,123_14363_28981,202,34,high_texture,High texture,0.20002816451764763,0.21484088521992298,1.0740531751515847,0.2534375057583519,1.2670091052902313,0.20587550871906501,1.0292326043960751
ball,123_14363_28981,202,34,thin_structure,Thin/protrusion heuristic,8.110201416852188e-06,3.3168107022425324e-05,4.0896773480255755,3.3168107022425324e-05,4.0896773480255755,1.5409134410747744e-05,1.8999693865468132
ball,123_14363_28981,202,34,high_depth_gradient,High GT depth gradient,0.025149365948139685,0.07919438353387753,3.14896143692782,0.06457093368221269,2.5674974794737935,0.028444087098405013,1.1310061318070344
ball,123_14363_28981,202,34,smooth_flat,Smooth/flat interior,0.025112501396244904,0.008428384528920746,0.3356250496886404,0.012773406548858465,0.5086473206037725,0.024838735321704834,0.9890984147608248
plant,374_42005_84358,200,34,object_boundary,Object boundary,0.03682523532051767,0.06557462999580561,1.7806981931021044,0.05386781712505243,1.4627962769606324,0.042623424499215884,1.1574515173693316
plant,374_42005_84358,200,34,rgb_edge,RGB edge,0.10003379114971578,0.11549523638324645,1.1545622239827966,0.10371352387800348,1.0367848972431768,0.08796771336431795,0.8793799810372166
plant,374_42005_84358,200,34,corner,Harris corner,0.08899397528525799,0.09963149379831027,1.1195307713691312,0.09027278446881179,1.0143696152402986,0.07477131343453328,0.8401839921732238
plant,374_42005_84358,200,34,low_texture,Low texture,0.20002974520274316,0.17137785367607405,0.8567618456063695,0.2015624063754569,1.0076621663001184,0.22222972388288245,1.110983387283917
plant,374_42005_84358,200,34,high_texture,High texture,0.20002974520274316,0.2265227095691773,1.1324451237968722,0.20033405236982443,1.0015213095770974,0.17335009918079228,0.8666216067269928
plant,374_42005_84358,200,34,thin_structure,Thin/protrusion heuristic,0.00017682286769228926,0.00037824315417340766,2.13910767939605,0.0003520282821019833,1.9908526917151355,0.00018345871819202864,1.037528237078969
plant,374_42005_84358,200,34,high_depth_gradient,High GT depth gradient,0.031169525927402224,0.028671580082689198,0.9198593571640756,0.029634040385882916,0.9507376036101528,0.02823599185218191,0.9058845462695555
plant,374_42005_84358,200,34,smooth_flat,Smooth/flat interior,0.04404200592056907,0.03230421235544371,0.7334863996364112,0.04762493259032896,1.081352485993072,0.06191672695381322,1.4058561970470118
toaster,416_57389_110765,201,34,object_boundary,Object boundary,0.05297421720231932,0.12223289212489519,2.307403461160415,0.1030163177847371,1.944650118968192,0.06702601030265032,1.2652572108175635
toaster,416_57389_110765,201,34,rgb_edge,RGB edge,0.10003078896084927,0.1461470105560373,1.461020272600642,0.12740699865989208,1.2736778344291326,0.11191799701827335,1.1188354923610226
toaster,416_57389_110765,201,34,corner,Harris corner,0.043722833401613856,0.10476132462860378,2.3960323812119855,0.09774188231415856,2.23548829547151,0.06351239362579157,1.4526138560692472
toaster,416_57389_110765,201,34,low_texture,Low texture,0.2000332621136998,0.11228957797349882,0.5613545306763679,0.11591575235952158,0.5794823877522657,0.1583716643332159,0.7917266491569624
toaster,416_57389_110765,201,34,high_texture,High texture,0.20003039469010497,0.27625930730036335,1.3810866479984467,0.2522054449946611,1.260835611434891,0.2218787262789892,1.1092250586353765
toaster,416_57389_110765,201,34,thin_structure,Thin/protrusion heuristic,2.043039311302201e-05,3.224858643696118e-05,1.5784613765658009,2.1499057624640786e-05,1.0523075843772005,1.5854290315823317e-05,0.7760149414706095
toaster,416_57389_110765,201,34,high_depth_gradient,High GT depth gradient,0.04192029924432635,0.07515353910320265,1.792772009216375,0.0747271411269806,1.7826003743781589,0.049015851225520254,1.1692629134119132
toaster,416_57389_110765,201,34,smooth_flat,Smooth/flat interior,0.021404600279358744,0.006822367619552676,0.318733708198781,0.0077969915652030585,0.36426709508432115,0.016829540281834823,0.7862580969598474
toytrain,240_25394_51994,202,34,object_boundary,Object boundary,0.036920649172210204,0.1263044402900185,3.420970192070365,0.11049783870935834,2.992846582787849,0.05590906939966491,1.5143035307663846
toytrain,240_25394_51994,202,34,rgb_edge,RGB edge,0.10002188971294795,0.08458213399012829,0.8456362325573922,0.08525722820657389,0.8523856972833941,0.09649147023807578,0.9647035315469032
toytrain,240_25394_51994,202,34,corner,Harris corner,0.05834140284615737,0.04859689209373176,0.8329743496548879,0.050092980009298,0.8586180236596309,0.056890333397649484,0.9751279644006116
toytrain,240_25394_51994,202,34,low_texture,Low texture,0.2000202819939179,0.2517211193210481,1.2584779743921286,0.28099498501439213,1.4048324610548069,0.21480609748020527,1.073921581046151
toytrain,240_25394_51994,202,34,high_texture,High texture,0.2000202819939179,0.16240343432544982,0.8119348333404914,0.1684125147135919,0.8419771886868598,0.19134487940828065,0.9566273854873326
toytrain,240_25394_51994,202,34,thin_structure,Thin/protrusion heuristic,0.0,0.0,nan,0.0,nan,0.0,nan
toytrain,240_25394_51994,202,34,high_depth_gradient,High GT depth gradient,0.043402230277306796,0.06761575516583083,1.557886650843016,0.07100359061099736,1.635943364139104,0.046783262271181326,1.0778999598009673
toytrain,240_25394_51994,202,34,smooth_flat,Smooth/flat interior,0.03271708226203594,0.03742198086985766,1.1438055683003603,0.03978604706371109,1.216063423536939,0.03428391084394207,1.0478902296163566
teddybear,34_1479_4753,200,34,object_boundary,Object boundary,0.04394979961502601,0.11630368708994487,2.646284809229978,0.09264887752321463,2.1080614322423186,0.06865936895144267,1.56222257104373
teddybear,34_1479_4753,200,34,rgb_edge,RGB edge,0.10003243063408879,0.1573109466814793,1.5725994628373179,0.129987912325934,1.2994577008872268,0.10599858177562715,1.0596421690817661
teddybear,34_1479_4753,200,34,corner,Harris corner,0.08701789136576303,0.13305524695886697,1.529056207528573,0.11345295239692288,1.303788802696277,0.08751432595821942,1.0057049715255653
teddybear,34_1479_4753,200,34,low_texture,Low texture,0.20002781765596409,0.11318045569832519,0.5658235790633321,0.13048050251186058,0.6523117836354104,0.19493090765743606,0.9745189941166363
teddybear,34_1479_4753,200,34,high_texture,High texture,0.20002746818792433,0.29062122260185436,1.4529065694558403,0.26014351492792814,1.3005389573972173,0.19958709468702202,0.9977984348605133
teddybear,34_1479_4753,200,34,thin_structure,Thin/protrusion heuristic,3.84414843724882e-06,1.7467737089595516e-05,4.5439809036346235,3.4935474179191032e-06,0.9087961807269246,4.660536712189979e-06,1.2123716834216298
teddybear,34_1479_4753,200,34,high_depth_gradient,High GT depth gradient,0.02208672958023297,0.038715492485379505,1.7528847964901437,0.038044731381139035,1.7225153793338444,0.020545050041672154,0.9301988312502103
teddybear,34_1479_4753,200,34,smooth_flat,Smooth/flat interior,0.03202385329052117,0.011940945074447495,0.3728765856537923,0.01731052745578916,0.5405510479562731,0.026219165404717977,0.818738618580877
skateboard,366_39266_76077,202,34,object_boundary,Object boundary,0.05971967851258271,0.151479472285696,2.53650850203053,0.14308058167187054,2.395869924881193,0.06477142947007276,1.0845910608247107
skateboard,366_39266_76077,202,34,rgb_edge,RGB edge,0.10002832411394087,0.17019600318628733,1.7014781032662252,0.17114665643333507,1.7109819438580647,0.10485744280440946,1.0482775127269732
skateboard,366_39266_76077,202,34,corner,Harris corner,0.07627852549431977,0.14656049585143063,1.9213860637925488,0.14576973841046126,1.9110193526396404,0.08124047378596509,1.065050396025482
skateboard,366_39266_76077,202,34,low_texture,Low texture,0.20005403100996114,0.07881700361073803,0.39397858275004494,0.08226203143260828,0.41119906965789793,0.19579929472965257,0.9787320642387021
skateboard,366_39266_76077,202,34,high_texture,High texture,0.20002524161283436,0.31910260659235873,1.5953116917614258,0.3208033165297377,1.6038141683672076,0.20865739916590992,1.0431553412133046
skateboard,366_39266_76077,202,34,thin_structure,Thin/protrusion heuristic,9.131182523032972e-05,9.884468012117195e-05,1.0824959403871401,0.00010175187659532406,1.1143340562808794,0.00012187347506292914,1.3346954214912374
skateboard,366_39266_76077,202,34,high_depth_gradient,High GT depth gradient,0.055381203606177334,0.05468145848232715,0.9873649347019224,0.055850151464936305,1.008467635736011,0.055585411307037404,1.0036873106318205
skateboard,366_39266_76077,202,34,smooth_flat,Smooth/flat interior,0.042961922968878956,0.01611459005622518,0.3750900551611336,0.015605830673248559,0.36324795527782155,0.04161861330047762,0.9687325525588226
hydrant,167_18184_34441,200,34,object_boundary,Object boundary,0.06050559352804229,0.19880321723367184,3.2856998112337052,0.13464862105985673,2.225391293739672,0.10126238051750144,1.6736036226232502
hydrant,167_18184_34441,200,34,rgb_edge,RGB edge,0.10003105559444352,0.191724599165772,1.9166507643694388,0.17278375191397244,1.7273010955166823,0.12954654110050004,1.295063221423168
hydrant,167_18184_34441,200,34,corner,Harris corner,0.08328075243268823,0.1487600978545909,1.7862482447529089,0.1407874126612577,1.6905156179400431,0.09722457059137475,1.1674314622692274
hydrant,167_18184_34441,200,34,low_texture,Low texture,0.2000300697025564,0.11263485805804396,0.5630896306016958,0.11868565092662665,0.5933390469898429,0.1859411494411291,0.9295659883417655
hydrant,167_18184_34441,200,34,high_texture,High texture,0.20002866128557487,0.3595593023460462,1.7975389128496655,0.3332441612840775,1.6659820604823972,0.23557391283921364,1.1777007921024476
hydrant,167_18184_34441,200,34,thin_structure,Thin/protrusion heuristic,0.00010387075239043573,0.00022879670532744328,2.202705767138648,0.0002956757422693113,2.846573606763791,0.00023926397306122608,2.3034778082849163
hydrant,167_18184_34441,200,34,high_depth_gradient,High GT depth gradient,0.04763477494200843,0.05969834034389905,1.2532512311977344,0.06618208697794752,1.3893649557181487,0.04598493269320493,0.9653647518895165
hydrant,167_18184_34441,200,34,smooth_flat,Smooth/flat interior,0.052033613279682034,0.022707193016420563,0.4363946992181536,0.03286928668227178,0.6316933345681474,0.047768773095000716,0.9180368243551013
skateboard,245_26182_52130,202,34,object_boundary,Object boundary,0.05492682421648257,0.09440675445320276,1.7187732187304026,0.10004690592501916,1.8214580462672527,0.06133195764424105,1.1166121202003958
skateboard,245_26182_52130,202,34,rgb_edge,RGB edge,0.1000249750606997,0.09745849969682756,0.9743416545486296,0.09513894450228237,0.951151894259886,0.10207772616319366,1.0205223855466923
skateboard,245_26182_52130,202,34,corner,Harris corner,0.05870398030374594,0.05265476095138945,0.8969538467228859,0.055185964831996705,0.9400719431025574,0.059458339897799514,1.0128502290670982
skateboard,245_26182_52130,202,34,low_texture,Low texture,0.2000213418044467,0.23229301330526606,1.1613411409487002,0.21629351668592478,1.0813521933943768,0.20868794620703204,1.0433283984818897
skateboard,245_26182_52130,202,34,high_texture,High texture,0.2000213418044467,0.21646798384605703,1.0822244361188698,0.22949295839101236,1.1473423601736406,0.20597095957466946,1.0297449148003388
skateboard,245_26182_52130,202,34,thin_structure,Thin/protrusion heuristic,2.0311905036408374e-05,1.1440469516868973e-05,0.5632396122550954,5.148211282591038e-05,2.5345782551479292,2.5503834223545088e-05,1.2556101546275626
skateboard,245_26182_52130,202,34,high_depth_gradient,High GT depth gradient,0.050187570430100296,0.06774474024413962,1.34983103711889,0.06651202965369699,1.325268967668656,0.050207959550652166,1.0004062583698938
skateboard,245_26182_52130,202,34,smooth_flat,Smooth/flat interior,0.043700634561078325,0.045432964568865905,1.0396408433238282,0.039332334198995525,0.9000403448151896,0.04785968388847461,1.095171371518264
cake,374_42274_84517,202,34,object_boundary,Object boundary,0.04704915694552299,0.1261632701142655,2.681520314175804,0.09512919356083532,2.0219106937661597,0.06098609866649533,1.2962208597512077
cake,374_42274_84517,202,34,rgb_edge,RGB edge,0.10003807591858661,0.1749688237516299,1.7490222812164413,0.1577660339343816,1.5770598593157208,0.11308576619873788,1.1304272414312504
cake,374_42274_84517,202,34,corner,Harris corner,0.08451797390600815,0.14850861764311624,1.7571246775067233,0.1385281561127788,1.6390378248635609,0.0913085682824902,1.0803449735323023
cake,374_42274_84517,202,34,low_texture,Low texture,0.20003510949163164,0.17610619828500168,0.880376443578116,0.1563077573005228,0.7814016134355747,0.1976192746910467,0.9879229460931908
cake,374_42274_84517,202,34,high_texture,High texture,0.2000347031317748,0.3277222856353659,1.638327152761467,0.28986802393360983,1.4490886800909564,0.2122706272217756,1.0611690066695092
cake,374_42274_84517,202,34,thin_structure,Thin/protrusion heuristic,0.0,0.0,nan,0.0,nan,0.0,nan
cake,374_42274_84517,202,34,high_depth_gradient,High GT depth gradient,0.031551811084927994,0.05927346139628972,1.8786072608238993,0.051344336077926406,1.6273023421610533,0.032733564399652644,1.0374543734286352
cake,374_42274_84517,202,34,smooth_flat,Smooth/flat interior,0.0217495986180514,0.01669503332913588,0.7676019048590437,0.015618589574337581,0.7181093246187404,0.02072456703704424,0.952871241487812
hydrant,411_56064_108483,179,30,object_boundary,Object boundary,0.06231056642320177,0.18611763697496017,2.986935405319281,0.11767593534135137,1.8885390086509297,0.09186792178795047,1.4743554273604358
hydrant,411_56064_108483,179,30,rgb_edge,RGB edge,0.10003262047653956,0.13985218431377133,1.3980657874155218,0.14716115182470946,1.4711316280994844,0.11352817794747284,1.1349115659136249
hydrant,411_56064_108483,179,30,corner,Harris corner,0.07566976229922526,0.09869833366449657,1.3043299022693915,0.11773437591313393,1.5558972611486497,0.08299700098601961,1.0968317920415798
hydrant,411_56064_108483,179,30,low_texture,Low texture,0.20002860624824378,0.1458170186737107,0.7289808263361378,0.14396640056726315,0.719729059095652,0.18755597271461302,0.9376457509374847
hydrant,411_56064_108483,179,30,high_texture,High texture,0.20002743705553627,0.2683902739304401,1.3417672989327127,0.2934223188439676,1.4669103557153553,0.223165489549553,1.1156743936462707
hydrant,411_56064_108483,179,30,thin_structure,Thin/protrusion heuristic,4.4039591982923554e-05,0.00018311379158533688,4.157935696959673,0.0001207771816839456,2.7424682256542523,0.00012801064592228925,2.9067173458810798
hydrant,411_56064_108483,179,30,high_depth_gradient,High GT depth gradient,0.054072434606077545,0.06987544366134078,1.2922562886318982,0.0779636187960463,1.4418366652808985,0.05278020689570105,0.9761019136683878
hydrant,411_56064_108483,179,30,smooth_flat,Smooth/flat interior,0.05514653297337787,0.03425396714081451,0.6211445270249483,0.03868765852005096,0.7015428973336824,0.05344957570777199,0.9692282148285715
remote,195_20989_41543,200,34,object_boundary,Object boundary,0.05493484793898879,0.13423296244011426,2.443493838177085,0.10389826928848526,1.8912998431137145,0.05727738611674626,1.0426421163549795
remote,195_20989_41543,200,34,rgb_edge,RGB edge,0.10003313570516784,0.09523915387437057,0.9520760616269515,0.09884804493699262,0.988153017899308,0.10072538441170671,1.0069201940103045
remote,195_20989_41543,200,34,corner,Harris corner,0.054918910183706725,0.04995757515126589,0.9096607158473302,0.053859179144018464,0.9807037132356887,0.05676798265488202,1.0336691399190197
remote,195_20989_41543,200,34,low_texture,Low texture,0.20003143073599813,0.22283234959557446,1.1139866808715129,0.17999251544153339,0.8998211669999394,0.19001386694700267,0.9499200513032542
remote,195_20989_41543,200,34,high_texture,High texture,0.20002957750863976,0.19499127419050055,0.9748122083699268,0.18386447761857652,0.9191864518667744,0.1992627646342596,0.9961665025546182
remote,195_20989_41543,200,34,thin_structure,Thin/protrusion heuristic,8.154200376872316e-06,0.0,0.0,2.964181570942128e-05,3.635159100761626,4.3474303951336155e-06,0.533152264379496
remote,195_20989_41543,200,34,high_depth_gradient,High GT depth gradient,0.056351825577206194,0.07005472620225352,1.2431669335410143,0.07545694711529555,1.3390328767949835,0.05845057676181374,1.037243712392815
remote,195_20989_41543,200,34,smooth_flat,Smooth/flat interior,0.03591480491446244,0.028018926299330466,0.7801497562373672,0.0262552382646199,0.7310422074448537,0.03796489454128371,1.0570820204008882
book,247_26469_51778,202,34,object_boundary,Object boundary,0.05744577941465101,0.14168739556792148,2.46645440294584,0.11680515336866698,2.033311316494679,0.06203969536446955,1.079969599100729
book,247_26469_51778,202,34,rgb_edge,RGB edge,0.10003490477953453,0.14384975389942767,1.4379956097969608,0.146276736502272,1.4622569674520025,0.1044401024829479,1.044036606153841
book,247_26469_51778,202,34,corner,Harris corner,0.0720524653249567,0.13832288697519338,1.9197523131423333,0.11625700309232363,1.613504861603339,0.07459178780801802,1.0352426870004934
book,247_26469_51778,202,34,low_texture,Low texture,0.20004825406141502,0.14589492148219835,0.7292986493019252,0.10823510732404376,0.5410449985272827,0.19328837091321943,0.9662087370874016
book,247_26469_51778,202,34,high_texture,High texture,0.2000316147298926,0.2715196237798931,1.357383552327628,0.2862289529195618,1.4309185740767203,0.2079555012958682,1.0396131710313663
book,247_26469_51778,202,34,thin_structure,Thin/protrusion heuristic,0.00035358579485141267,0.0009110635627499755,2.57664073618351,0.0010395953516856567,2.940150217636785,0.0003922830106555932,1.1094422241154862
book,247_26469_51778,202,34,high_depth_gradient,High GT depth gradient,0.0346377938969201,0.04685361741378919,1.3526732549198317,0.041738808283495764,1.2050076978836421,0.03434695673448144,0.9916034732666816
book,247_26469_51778,202,34,smooth_flat,Smooth/flat interior,0.03593603992229432,0.017559710576654092,0.4886378859391305,0.01654279730536885,0.46034001913232186,0.03833852637913695,1.066854513241793
cake,403_53094_103680,202,34,object_boundary,Object boundary,0.02740092543045107,0.08304351043362439,3.030682691517304,0.05965110256030783,2.176974011761539,0.028838427867468243,1.052461820702583
cake,403_53094_103680,202,34,rgb_edge,RGB edge,0.10009017299513213,0.15623612549948201,1.5609536962942459,0.14378607370134674,1.4365653430166392,0.1028143627915305,1.0272173552595503
cake,403_53094_103680,202,34,corner,Harris corner,0.09560189085549546,0.1155560899807607,1.208721804000995,0.11924670711854374,1.2473258222349177,0.09658815193640749,1.010316334458309
cake,403_53094_103680,202,34,low_texture,Low texture,0.2000822111084983,0.2216497706082581,1.1077934883879526,0.22875351487346454,1.1432976155457353,0.20569569426367365,1.0280558832495674
cake,403_53094_103680,202,34,high_texture,High texture,0.20007665630387003,0.36254994820186476,1.8120552137338575,0.31777231019683294,1.5882528030367047,0.20812388676642563,1.0402207364478029
cake,403_53094_103680,202,34,thin_structure,Thin/protrusion heuristic,0.0,0.0,nan,0.0,nan,0.0,nan
cake,403_53094_103680,202,34,high_depth_gradient,High GT depth gradient,0.0033319569761865527,0.003773864140890928,1.132626912010773,0.0037831138079029154,1.1354029583637406,0.0033411328158551913,1.002753889001034
cake,403_53094_103680,202,34,smooth_flat,Smooth/flat interior,0.0033486213900713424,0.0029691431108480096,0.8866762661349279,0.002423412757140743,0.7237046159730564,0.0032050266959124996,0.9571182652704182
plant,247_26441_50907,198,33,object_boundary,Object boundary,0.03802381196461464,0.09015625724486484,2.371047314476655,0.0628135577502666,1.6519531973470087,0.05780316813147912,1.5201834099450984
plant,247_26441_50907,198,33,rgb_edge,RGB edge,0.10004142300307958,0.0971855149070339,0.9714527441702047,0.09236796958315946,0.9232972383881034,0.09519421703228306,0.9515480105611122
plant,247_26441_50907,198,33,corner,Harris corner,0.09739508221283259,0.0814253257291232,0.8360311822643007,0.08087819353642138,0.8304135249835543,0.09065645522321501,0.9308114245964493
plant,247_26441_50907,198,33,low_texture,Low texture,0.20003877898160644,0.18734640886539622,0.9365504519632302,0.19598924282468586,0.979756244376532,0.2001807771741128,1.0007098533255867
plant,247_26441_50907,198,33,high_texture,High texture,0.20003785125477375,0.18991051142949877,0.9493728823732639,0.17943617563870728,0.8970111132126309,0.18894245289883113,0.9445335056023412
plant,247_26441_50907,198,33,thin_structure,Thin/protrusion heuristic,0.00025002238140983863,0.0002967496638382714,1.186892398052305,0.0002967496638382714,1.186892398052305,0.00018354705191574687,0.7341224848781642
plant,247_26441_50907,198,33,high_depth_gradient,High GT depth gradient,0.008346758313708045,0.009375434691890389,1.1232426218083886,0.009639727361246348,1.1549067313252421,0.00968249563034695,1.1600306689658424
plant,247_26441_50907,198,33,smooth_flat,Smooth/flat interior,0.005222174341209579,0.004112764872258543,0.7875579411057979,0.0047711781888997076,0.9136382428386314,0.00658417518162886,1.260811062869228
suitcase,410_55734_107452,202,34,object_boundary,Object boundary,0.08039598353443372,0.23579489372902546,2.932918827070934,0.16749193919852604,2.0833371498812374,0.11871143909253735,1.476584200772829
suitcase,410_55734_107452,202,34,rgb_edge,RGB edge,0.10007087008878927,0.10481509508455616,1.0474086514043248,0.09262518918207541,0.9255959211695913,0.10926649497410913,1.0918911255309454
suitcase,410_55734_107452,202,34,corner,Harris corner,0.055374150443781744,0.04558465486609199,0.8232118145518372,0.03985984075804435,0.7198275808946595,0.05030518595890456,0.9084597335714718
suitcase,410_55734_107452,202,34,low_texture,Low texture,0.20006765994539463,0.22577646903994208,1.128500573763717,0.3242251760215832,1.6205776391350577,0.23269494311626726,1.1630812455135313
suitcase,410_55734_107452,202,34,high_texture,High texture,0.20006765994539463,0.257081989866421,1.2849752425583802,0.209901625320787,1.0491531983633755,0.20334690240124187,1.0163906673209564
suitcase,410_55734_107452,202,34,thin_structure,Thin/protrusion heuristic,4.115568454661663e-06,0.0,0.0,8.22530762650523e-06,1.9985836020267156,9.258642901254776e-07,0.22496632004183054
suitcase,410_55734_107452,202,34,high_depth_gradient,High GT depth gradient,0.028566160643806605,0.042730473119694676,1.4958423588141172,0.03309863788905705,1.1586659580111662,0.024933928100247183,0.8728484170886674
suitcase,410_55734_107452,202,34,smooth_flat,Smooth/flat interior,0.01226192465381896,0.010174705533986972,0.8297804644247324,0.015356649338685267,1.2523849046733835,0.012520013701003856,1.0210480046543522
mouse,377_43416_86289,201,34,object_boundary,Object boundary,0.07065556586864678,0.17178919869915232,2.4313611615328288,0.11335101562083488,1.6042758164524742,0.07812717503351027,1.1057469298137628
mouse,377_43416_86289,201,34,rgb_edge,RGB edge,0.10005721098450902,0.07276616729754225,0.7272456086029421,0.0710134882977022,0.7097288401202447,0.0984463653852191,0.9839007545439247
mouse,377_43416_86289,201,34,corner,Harris corner,0.06187921414244869,0.032381244335448096,0.5232976013707129,0.03647305006131044,0.5894232912743183,0.06361127835102554,1.0279910505099428
mouse,377_43416_86289,201,34,low_texture,Low texture,0.2000530768574233,0.2349856053739937,1.1746163021599845,0.2615956709495122,1.307631329939254,0.20416814088284546,1.0205698612091578
mouse,377_43416_86289,201,34,high_texture,High texture,0.2000530768574233,0.18890947379644932,0.9442967674577885,0.17702057898384604,0.8848680648386509,0.19497196083945062,0.9746011603630873
mouse,377_43416_86289,201,34,thin_structure,Thin/protrusion heuristic,1.4669483207442496e-05,5.331342965292957e-05,3.634308645984287,6.664178706616196e-06,0.45428858074803585,1.889936972686396e-05,1.2883459805370272
mouse,377_43416_86289,201,34,high_depth_gradient,High GT depth gradient,0.03823067362266889,0.049075011995521674,1.2836554354203853,0.04785546729221091,1.251755796001329,0.03866069109573305,1.0112479700804744
mouse,377_43416_86289,201,34,smooth_flat,Smooth/flat interior,0.019197685955703495,0.015360931918750334,0.8001449734199195,0.014021431998720477,0.7303709431997876,0.018961848703187255,0.9877153291776724
book,119_13962_28926,202,34,object_boundary,Object boundary,0.06284147720080242,0.17193962197575516,2.7360849813625907,0.1082264888394296,1.7222142708963508,0.08351350119159529,1.328955093221916
book,119_13962_28926,202,34,rgb_edge,RGB edge,0.10002908463493014,0.12058301639055041,1.2054795545778976,0.11729879929294335,1.1726469328499944,0.10385068201371501,1.0382048620431978
book,119_13962_28926,202,34,corner,Harris corner,0.055038174856010695,0.08083313259347974,1.4686739305028387,0.04485941990140563,0.815060092722289,0.048172777661417816,0.8752611762189801
book,119_13962_28926,202,34,low_texture,Low texture,0.20003169784016891,0.15877561129526402,0.7937522553157065,0.17935285994917607,0.8966221948107653,0.19417879979461863,0.9707401471429449
book,119_13962_28926,202,34,high_texture,High texture,0.2000279646898278,0.20429662451695205,1.021340315259136,0.23280281465547953,1.163851339568814,0.20609053650812298,1.030308621235516
book,119_13962_28926,202,34,thin_structure,Thin/protrusion heuristic,3.291959846234931e-05,9.160522896218061e-05,2.7826958177193752,2.3749503805009788e-05,0.721439656445764,2.4523527064623668e-05,0.7449521929215397
book,119_13962_28926,202,34,high_depth_gradient,High GT depth gradient,0.04202543089887812,0.05340584848495129,1.2707983557255322,0.05989964138249254,1.425318910509769,0.049151853394892045,1.169574049416925
book,119_13962_28926,202,34,smooth_flat,Smooth/flat interior,0.03292944040415764,0.01986476353976176,0.6032523874063056,0.025527323804127665,0.775212803218624,0.031034658366154134,0.9424593307767152
apple,110_13051_23361,202,34,object_boundary,Object boundary,0.01344380569548153,0.06120821243416438,4.552893267026055,0.030635734814835187,2.27879928561686,0.017807777158360325,1.3246083409510692
apple,110_13051_23361,202,34,rgb_edge,RGB edge,0.10002456632729556,0.15600324536916074,1.5596493051386442,0.1240363591358517,1.240058954417117,0.10901828883625729,1.0899151362429598
apple,110_13051_23361,202,34,corner,Harris corner,0.08986076421910302,0.11206974793382747,1.2471488408508677,0.10092272996053302,1.1231011758864875,0.09827041853977046,1.0935853861665652
apple,110_13051_23361,202,34,low_texture,Low texture,0.20002795004314924,0.15205379611930858,0.7601627476885512,0.17118222197774996,0.8557915128401966,0.17997041539671868,0.8997263400334611
apple,110_13051_23361,202,34,high_texture,High texture,0.20002272316500128,0.30572752650614005,1.528463974835207,0.24252808756996108,1.2125026783576813,0.2092036244901767,1.0458992917399788
apple,110_13051_23361,202,34,thin_structure,Thin/protrusion heuristic,5.501976997884765e-06,3.8504379873210574e-05,6.998280779438661,2.7503128480864698e-05,4.998771985313329,2.0355989985738356e-05,3.6997591944794057
apple,110_13051_23361,202,34,high_depth_gradient,High GT depth gradient,0.023908841044308245,0.03394436117108321,1.4197409698017975,0.026614777430932768,1.113177229360881,0.02267740332459634,0.9484944620515154
apple,110_13051_23361,202,34,smooth_flat,Smooth/flat interior,0.010299425841190386,0.004037459260990937,0.3920081879558731,0.00862498109159917,0.8374234859874784,0.007803641227870991,0.7576773063078887
broccoli,372_41112_81867,191,32,object_boundary,Object boundary,0.026764841984919834,0.09038324454626087,3.376939217395181,0.0638505112285265,2.3856113652567768,0.034202614454138885,1.277893382423469
broccoli,372_41112_81867,191,32,rgb_edge,RGB edge,0.10004790810354683,0.1397702600490823,1.397033308326886,0.129453184091243,1.2939119522345488,0.10262912975371742,1.0257998562798443
broccoli,372_41112_81867,191,32,corner,Harris corner,0.09460870512017856,0.11390683070962546,1.2039783291075918,0.11220908403301899,1.1860333982003368,0.09502319197035268,1.0043810646139548
broccoli,372_41112_81867,191,32,low_texture,Low texture,0.20004083077006832,0.21905829474405925,1.0950679113898005,0.20524233701359829,1.026002222763755,0.20428902323212703,1.0212366267711699
broccoli,372_41112_81867,191,32,high_texture,High texture,0.20003974194953317,0.31110663699237645,1.555224146764115,0.292257295685438,1.4609961642480516,0.20947966562769169,1.0471902412298655
broccoli,372_41112_81867,191,32,thin_structure,Thin/protrusion heuristic,2.6676103111304678e-05,7.61809406169568e-05,2.8557747096379,1.0882991516708112e-05,0.4079678156625571,1.2999912502405963e-05,0.48732427102131415
broccoli,372_41112_81867,191,32,high_depth_gradient,High GT depth gradient,0.036491820235729645,0.05172141718315531,1.4173427592552414,0.05074738944240993,1.39065108604044,0.036007984194945296,0.9867412467325865
broccoli,372_41112_81867,191,32,smooth_flat,Smooth/flat interior,0.025335765032528514,0.016025205008352698,0.6325131681548982,0.017712068693442454,0.6990935016448874,0.02612383128858741,1.0311048928282647
mouse,107_12753_23606,202,34,object_boundary,Object boundary,0.061743539637247984,0.18251574891877098,2.9560298938330516,0.17090930554512185,2.7680516301663003,0.07995285801583502,1.2949186017771148
mouse,107_12753_23606,202,34,rgb_edge,RGB edge,0.10004965896371137,0.10000965862139277,0.9996001951157764,0.10728045416984149,1.0722720625040087,0.09942919243570368,0.993798414363084
mouse,107_12753_23606,202,34,corner,Harris corner,0.05698594248686722,0.04024425580322169,0.7062137440737466,0.05013361092926669,0.8797540014508018,0.05253824861667149,0.9219510343060356
mouse,107_12753_23606,202,34,low_texture,Low texture,0.20004402200026306,0.13961537223253667,0.6979232412771279,0.1396582994387268,0.6981378300749379,0.19478447191021483,0.9737080366738412
mouse,107_12753_23606,202,34,high_texture,High texture,0.2000434851466013,0.20570180616220046,1.028285455092189,0.21638531460276236,1.0816913854714387,0.19974334428034654,0.9984996218895367
mouse,107_12753_23606,202,34,thin_structure,Thin/protrusion heuristic,2.576897576374144e-05,0.00015024522166536098,5.830469283795337,0.0001341475193440723,5.205776146245837,5.8259096423077895e-05,2.2608231292239442
mouse,107_12753_23606,202,34,high_depth_gradient,High GT depth gradient,0.041484829857653255,0.05928247174853243,1.4290156655323922,0.05450145415910969,1.3137682942444342,0.039537479028451346,0.9530587244570161
mouse,107_12753_23606,202,34,smooth_flat,Smooth/flat interior,0.028241186876075384,0.012153765252572949,0.43035603658956173,0.012363035382749701,0.43776614053083895,0.0233653841210715,0.8273513511879191
toytruck,346_36113_66551,202,34,object_boundary,Object boundary,0.04044044386134949,0.10326011862741896,2.553387370856943,0.08754361856335714,2.1647541471973306,0.04677221427751687,1.156570250264214
toytruck,346_36113_66551,202,34,rgb_edge,RGB edge,0.10002510346068419,0.09911242975181697,0.9908755534631768,0.09561289577016126,0.9558889964831959,0.09970929941555075,0.996842752127144
toytruck,346_36113_66551,202,34,corner,Harris corner,0.06175300556774153,0.05328184940196406,0.862821961653594,0.04865432492658013,0.787885941409079,0.05821007029661898,0.9426273225319206
toytruck,346_36113_66551,202,34,low_texture,Low texture,0.2000220629013821,0.22592971287743088,1.129523961508297,0.24304552408850078,1.2150935779935974,0.2040121363917489,1.0199481668796408
toytruck,346_36113_66551,202,34,high_texture,High texture,0.20002080647191842,0.2076130565527706,1.03795730161661,0.20552790708774962,1.0275326387937764,0.20141740883031167,1.00698228540834
toytruck,346_36113_66551,202,34,thin_structure,Thin/protrusion heuristic,3.995445694480078e-05,8.541576121772729e-05,2.1378281110348647,5.275679369330215e-05,1.3204232450509459,3.0362084568082888e-05,0.7599173381340092
toytruck,346_36113_66551,202,34,high_depth_gradient,High GT depth gradient,0.043036729705083335,0.06950833180506114,1.6150932536319338,0.06951838071814558,1.615326749837461,0.04318109451721732,1.0033544559059964
toytruck,346_36113_66551,202,34,smooth_flat,Smooth/flat interior,0.03557881569461326,0.03133753545382147,0.8807919780917853,0.034834557207206074,0.9790814148004406,0.0338385537193155,0.9510871303239798
vase,380_44863_89631,200,34,object_boundary,Object boundary,0.07339817266008884,0.1136137016833832,1.5479091313285793,0.08730130799460378,1.1894207284819087,0.07041309661979801,0.9593303766005883
vase,380_44863_89631,200,34,rgb_edge,RGB edge,0.10005240588800399,0.12174907619215203,1.2168530592701061,0.11415332277552935,1.1409353104742883,0.09707652813417444,0.9702568096447312
vase,380_44863_89631,200,34,corner,Harris corner,0.06842460154212981,0.09182943281130858,1.342052869022089,0.0841398322482257,1.2296722282908705,0.06737118105296391,0.9846046529256397
vase,380_44863_89631,200,34,low_texture,Low texture,0.20004906083132287,0.15741099184702914,0.7868619387308934,0.17081940289753064,0.8538875523217874,0.19937429064321163,0.9966269764761346
vase,380_44863_89631,200,34,high_texture,High texture,0.2000467134231256,0.2449703794943985,1.2245658791517027,0.22617748841574287,1.1306233656403402,0.1925341050180134,0.9624457294170987
vase,380_44863_89631,200,34,thin_structure,Thin/protrusion heuristic,0.0,0.0,nan,0.0,nan,0.0,nan
vase,380_44863_89631,200,34,high_depth_gradient,High GT depth gradient,0.029972294714751758,0.03135081236436155,1.0459930633516463,0.032177840342542084,1.0735861450976858,0.02768018338333181,0.9235256641763964
vase,380_44863_89631,200,34,smooth_flat,Smooth/flat interior,0.022511057759739248,0.015027274326939996,0.6675507871432009,0.013437738283770309,0.5969394431479599,0.022752309394848347,1.0107170279461755
apple,189_20393_38136,202,34,object_boundary,Object boundary,0.03429132673327113,0.0909939689440701,2.65355638327587,0.10031640645261684,2.925416308120996,0.03902011749476383,1.137900490064871
apple,189_20393_38136,202,34,rgb_edge,RGB edge,0.10004349512071548,0.16114094940797571,1.6107089142931104,0.18640631115344533,1.8632526875287783,0.10833213344165328,1.0828503473507847
apple,189_20393_38136,202,34,corner,Harris corner,0.09127323710313061,0.12282794750765082,1.3457170075918992,0.14353818804257104,1.5726207659358646,0.09974078236697692,1.0927713920596323
apple,189_20393_38136,202,34,low_texture,Low texture,0.20003604151000717,0.15309168242411667,0.765320495589081,0.08080860474656833,0.4039702252482622,0.17698980696566702,0.8847895890641926
apple,189_20393_38136,202,34,high_texture,High texture,0.20003604151000717,0.3138742579066247,1.5690885279337152,0.36883278555564464,1.8438316553929261,0.2131340750318691,1.0654783679130475
apple,189_20393_38136,202,34,thin_structure,Thin/protrusion heuristic,0.0,0.0,nan,0.0,nan,0.0,nan
apple,189_20393_38136,202,34,high_depth_gradient,High GT depth gradient,0.049318372018201904,0.08156779161499324,1.6539027603118988,0.09453055373486931,1.9167411629074247,0.05542231160780013,1.123766039709207
apple,189_20393_38136,202,34,smooth_flat,Smooth/flat interior,0.0426813562552305,0.02893869448151309,0.6780172192388269,0.014712192729724759,0.34469834186494047,0.04019706177434135,0.9417943875533544
ball,375_42693_85518,202,34,object_boundary,Object boundary,0.018992526398471928,0.06982442156785702,3.6764156649256967,0.059709577107446364,3.1438459452266647,0.02099592087934528,1.105483306372265
ball,375_42693_85518,202,34,rgb_edge,RGB edge,0.10002644479242523,0.11853228106020634,1.1850094373161457,0.13525376921090743,1.3521801108855354,0.10282323091673395,1.0279604671555869
ball,375_42693_85518,202,34,corner,Harris corner,0.09720454401261265,0.108689672979557,1.1181542394299397,0.13112251198401384,1.3489339754219742,0.10032527067299978,1.032104740494253
ball,375_42693_85518,202,34,low_texture,Low texture,0.20002537801735923,0.23190329714741179,1.1593693732566577,0.1550568609180821,0.7751859411790512,0.1962676780630668,0.9812138840004276
ball,375_42693_85518,202,34,high_texture,High texture,0.20002285144483453,0.2105453708589198,1.0526065863878924,0.25638492540161884,1.2817781745918602,0.20429762242603455,1.0213714130676663
ball,375_42693_85518,202,34,thin_structure,Thin/protrusion heuristic,0.0,0.0,nan,0.0,nan,0.0,nan
ball,375_42693_85518,202,34,high_depth_gradient,High GT depth gradient,0.01509907813790482,0.027327480718928567,1.8098774288958404,0.03649370769109871,2.4169493897435155,0.016092153219869284,1.0657705770441337
ball,375_42693_85518,202,34,smooth_flat,Smooth/flat interior,0.012851551512041363,0.002365930599369085,0.18409688488991446,0.00578432142977424,0.4500874018482962,0.012050027592143802,0.93763212798497
vase,374_41862_83720,201,34,object_boundary,Object boundary,0.04760824292314785,0.08846170510839267,1.8581174115413792,0.07467612183884804,1.5685544614489306,0.04822088575490268,1.0128684192933521
vase,374_41862_83720,201,34,rgb_edge,RGB edge,0.10006517915596606,0.1165167030141972,1.1644080787842197,0.11001025433642889,1.0993859728663653,0.10603119900552993,1.0596213378108779
vase,374_41862_83720,201,34,corner,Harris corner,0.08932651577667973,0.10645734340472855,1.1917776315251862,0.08216467597741157,0.9198240327970132,0.09282782921535869,1.0391967984896264
vase,374_41862_83720,201,34,low_texture,Low texture,0.20006026542802183,0.14340184000346626,0.7167932107690806,0.14384234318808764,0.7189950632142873,0.19884940167472945,0.9939475050145427
vase,374_41862_83720,201,34,high_texture,High texture,0.20005809760686996,0.21914672366729734,1.0954154132662905,0.21150652089140512,1.05722549310167,0.21080531998668064,1.0537205067346478
vase,374_41862_83720,201,34,thin_structure,Thin/protrusion heuristic,0.00010839105759322714,2.1664091046953307e-05,0.199869726599171,2.8885454729271075e-05,0.26649296879889467,6.024655207020546e-05,0.5558258532387452
vase,374_41862_83720,201,34,high_depth_gradient,High GT depth gradient,0.00924286678449979,0.00945276506015396,1.0227092178809898,0.014782131457704474,1.5993015805976976,0.010211325389655496,1.1047790288160166
vase,374_41862_83720,201,34,smooth_flat,Smooth/flat interior,0.006148663393738465,0.0025491413798581723,0.4145846367934385,0.004094513207874175,0.6659192324699139,0.0061646608631183986,1.0026017799894893
bowl,69_5465_12831,117,20,object_boundary,Object boundary,0.08294767728802169,0.2133381301434546,2.5719602660201595,0.18956393997991336,2.2853435584661987,0.08930122508953636,1.0765970550260624
bowl,69_5465_12831,117,20,rgb_edge,RGB edge,0.10007455600175814,0.1798653895159719,1.7973138897844518,0.15514682735980573,1.5503124226409764,0.10778121210119625,1.0770091460540951
bowl,69_5465_12831,117,20,corner,Harris corner,0.07921387671707572,0.08814138597832441,1.1127013300098243,0.10014840131312677,1.2642785009856525,0.08816868468598843,1.1130459502808598
bowl,69_5465_12831,117,20,low_texture,Low texture,0.2000921074146469,0.106803975356388,0.5337740540413233,0.08228028361139841,0.4112120396677647,0.1895741082594797,0.9474342127179913
bowl,69_5465_12831,117,20,high_texture,High texture,0.2000711057240108,0.4173674506453209,2.0860955865414206,0.34970244787216503,1.747890814151665,0.21690170524454358,1.084123089436762
bowl,69_5465_12831,117,20,thin_structure,Thin/protrusion heuristic,0.0,0.0,nan,0.0,nan,0.0,nan
bowl,69_5465_12831,117,20,high_depth_gradient,High GT depth gradient,0.03630292238525201,0.07429059675315915,2.0464081641906477,0.07016833805519329,1.9328564601647342,0.03921434609547927,1.0801980534605669
bowl,69_5465_12831,117,20,smooth_flat,Smooth/flat interior,0.04172885917316344,0.014735201091274302,0.35311775551129293,0.00836443764896344,0.2004473118772141,0.039778097801145045,0.9532515048177266
bowl,70_5792_13401,202,34,object_boundary,Object boundary,0.024414734398696868,0.045423595733065064,1.8604992784803565,0.022352948393151804,0.9155515693156543,0.017839466266681477,0.7306844291385639
bowl,70_5792_13401,202,34,rgb_edge,RGB edge,0.10005566797581543,0.125204728225198,1.251350680657705,0.13789634464271475,1.3781962324817603,0.0966715943859247,0.966178092072618
bowl,70_5792_13401,202,34,corner,Harris corner,0.09117947981437462,0.12499616613810491,1.3708804480193912,0.17750473865330232,1.9467619141354036,0.09728970124449438,1.0670131200853425
bowl,70_5792_13401,202,34,low_texture,Low texture,0.20004996001357636,0.24315272265536342,1.2154599912884856,0.12444409002521148,0.6220650582322841,0.19065312816052393,0.9530275744498289
bowl,70_5792_13401,202,34,high_texture,High texture,0.20004934625419582,0.2439624342876071,1.2195112798699799,0.28365057262561266,1.4179030221132922,0.19330396577372355,0.9662814170264713
bowl,70_5792_13401,202,34,thin_structure,Thin/protrusion heuristic,4.296315663814527e-06,3.6805074192895396e-05,8.566659685386721,1.8402537096447698e-05,4.283329842693361,3.8928396274472996e-06,0.9060878976455382
bowl,70_5792_13401,202,34,high_depth_gradient,High GT depth gradient,0.006471478908465767,0.003453542795100018,0.5336558836006112,0.00631207022408156,0.9753675030639946,0.006679210909213212,1.0320996179831008
bowl,70_5792_13401,202,34,smooth_flat,Smooth/flat interior,0.003978388304692252,0.0003741849209611032,0.0940543989936267,0.0005643444709577293,0.14185253618710914,0.004508574629099203,1.133266610446655
toytrain,399_51323_100753,201,34,object_boundary,Object boundary,0.05336602615586788,0.1214632945367827,2.2760415808743364,0.09451650744150346,1.771098847897088,0.05996775321325063,1.1237065513947182
toytrain,399_51323_100753,201,34,rgb_edge,RGB edge,0.10004361082147237,0.0683517661200392,0.6832197034752453,0.06818763305639902,0.681579088324588,0.09136652824568692,0.9132669992162747
toytrain,399_51323_100753,201,34,corner,Harris corner,0.0713927982741126,0.0419215154309217,0.5871952976260164,0.03884643420919242,0.5441225886684194,0.06196649599593675,0.867965642108836
toytrain,399_51323_100753,201,34,low_texture,Low texture,0.20004134093375453,0.2503270592665183,1.2513766309405832,0.2977953067598685,1.488668819004198,0.2311987536957851,1.155754868551639
toytrain,399_51323_100753,201,34,high_texture,High texture,0.2000394091144202,0.13054371491052336,0.6525899845857567,0.13236366093971005,0.6616879220234029,0.17920151006613871,0.8958310307927251
toytrain,399_51323_100753,201,34,thin_structure,Thin/protrusion heuristic,0.00013184666956761538,0.00018344283583314426,1.3913346194844052,4.827443048240639e-06,0.03661406893380014,9.053142232551949e-05,0.6866417075411371
toytrain,399_51323_100753,201,34,high_depth_gradient,High GT depth gradient,0.049925455921436775,0.06617458930528267,1.3254679017737103,0.08275202873294102,1.6575117283487704,0.053426395768012794,1.0701233425306147
toytrain,399_51323_100753,201,34,smooth_flat,Smooth/flat interior,0.03819158528475258,0.036181685646563586,0.9473732335747943,0.04873786501503748,1.2761414497893426,0.04679369231859906,1.2252356630317918
