category,sequence,full_psnr_7k,quant_psnr_7k,full_minus_quant_psnr_7k,full_ssim_7k,quant_ssim_7k,full_minus_quant_ssim_7k,full_lpips_7k,quant_lpips_7k,quant_minus_full_lpips_7k,full_psnr_30k,quant_psnr_30k,full_minus_quant_psnr_30k,full_ssim_30k,quant_ssim_30k,full_minus_quant_ssim_30k,full_lpips_30k,quant_lpips_30k,quant_minus_full_lpips_30k
apple,110_13051_23361,11.706671470726855,11.382103901381493,0.324567569345362,0.2668483290407393,0.26191726989216274,0.004931059148576555,0.6189912772840924,0.6198456386725107,0.0008543613884183232,11.57347170680063,11.443190294633059,0.13028141216757128,0.2717292540603214,0.2662084980143441,0.005520756045977293,0.6303002503183153,0.6266579230626425,-0.003642327255672817
apple,189_20393_38136,10.960523794328983,10.46357546095792,0.4969483333710638,0.3836710916625129,0.3924667603439755,-0.008795668681462587,0.6541468252738317,0.6975416607326932,0.04339483545886147,11.21932721254684,10.551861238586547,0.6674659739602937,0.36579835414886475,0.36821690532896256,-0.0024185511800978166,0.6480057769351535,0.6916672587394714,0.04366148180431795
ball,123_14363_28981,10.633158905450479,10.373687619109582,0.2594712863408972,0.26700957285033333,0.2897967216041353,-0.022787148753801945,0.6263488978147507,0.6395482536819246,0.013199355867173912,10.662878792767234,10.293236124743224,0.36964266802401013,0.254562152756585,0.28112685514820945,-0.02656470239162445,0.6221451850401031,0.6393615338537428,0.01721634881363976
ball,375_42693_85518,12.628382994908835,12.465102368024658,0.16328062688417688,0.5895327991909451,0.5826772153377533,0.006855583853191849,0.5647843347655402,0.5818451891342798,0.01706085436873961,12.461239488052122,12.135537875783752,0.3257016122683698,0.547791063785553,0.5396472546789381,0.00814380910661483,0.5723859982358085,0.5841900342040591,0.011804035968250637
bench,415_57112_110099,11.561816037207015,11.255882340924577,0.3059336962824375,0.2827511760923598,0.27562132477760315,0.00712985131475663,0.6502512577507231,0.6579394737879435,0.007688216037220363,12.02981977569999,11.541660062887006,0.4881597128129833,0.26079335312048596,0.25733300546805066,0.0034603476524353027,0.6211779961983362,0.6340529256396823,0.01287492944134605
bench,415_57121_110109,11.142465042829892,11.424965134110115,-0.28250009128022313,0.29642556607723236,0.30616434580749935,-0.009738779730266989,0.6527737677097321,0.657998436027103,0.005224668317370895,11.318556659751142,11.067986795489265,0.2505698642618768,0.28258296847343445,0.293510377407074,-0.010927408933639526,0.633488600452741,0.6499521368079715,0.016463536355230457
book,119_13962_28926,9.33939066005378,9.641654244243192,-0.30226358418941146,0.2174405637714598,0.21823672950267792,-0.0007961657312181292,0.6326145744986005,0.6249576807022095,-0.007656893796391007,9.227926426493475,9.757255135913418,-0.5293287094199428,0.20565172036488852,0.2064171532789866,-0.0007654329140980853,0.6287076638804542,0.6145970986949073,-0.014110565185546875
book,247_26469_51778,11.07254306429701,10.403111666119928,0.6694313981770819,0.302274184094535,0.2938023457924525,0.00847183830208248,0.6776136491033766,0.7121043735080295,0.03449072440465284,11.228206259852545,10.553082101748922,0.6751241581036229,0.2943986803293228,0.27775730192661285,0.01664137840270996,0.6681296643283632,0.700254758199056,0.032125093870692845
bowl,69_5465_12831,9.384624566819953,9.17057465994979,0.214049906870164,0.17356202668613857,0.16966835492187077,0.003893671764267803,0.6681136588255564,0.6685564087496864,0.0004427499241299593,9.458050356601879,9.198296196005403,0.2597541605964757,0.16986576302183998,0.1705145744813813,-0.0006488114595413208,0.6712253822220696,0.6690513292948405,-0.002174052927229164
bowl,70_5792_13401,8.714369643233889,9.981612549007027,-1.2672429057731378,0.3010084165467156,0.30785548355844283,-0.006847067011727215,0.6731212867630852,0.6414633492628733,-0.03165793750021195,8.909773571303768,10.201189402065463,-1.2914158307616947,0.29414637717935777,0.2952253686057197,-0.0010789914263619194,0.6686846945020888,0.6343253784709506,-0.034359316031138176
broccoli,372_41112_81867,9.33848902296888,8.763600520727676,0.5748885022412029,0.24034578767087725,0.23966743714279598,0.0006783505280812674,0.6256973594427109,0.6552291760842005,0.029531816641489628,10.139089272015518,9.369545435535167,0.7695438364803504,0.2220367971393797,0.23179251617855495,-0.009755719039175242,0.6071936935186386,0.6418729457590315,0.03467925224039292
broccoli,412_56288_108844,8.990028329711174,9.030381421415585,-0.040353091704410815,0.4282737506760491,0.38921083013216656,0.03906292054388255,0.6768681969907548,0.6824641956223382,0.005595998631583332,9.294968615795675,9.260942638837669,0.0340259769580058,0.38664483030637103,0.34982891215218437,0.036815918154186666,0.6719977988137139,0.6757171187135909,0.0037193198998769494
cake,374_42274_84517,7.513764581176135,7.324199594386124,0.18956498679001133,0.26841191781891716,0.27644380264812046,-0.008031884829203306,0.6231446050935321,0.6312094943390952,0.008064889245563145,7.605519437099052,7.4976326970374965,0.10788674006155574,0.24096788465976715,0.2520891096856859,-0.011121225025918724,0.6212657491366068,0.6326893303129408,0.011423581176334019
cake,403_53094_103680,11.176702019070763,10.359056356634397,0.8176456624363659,0.30980919467078316,0.29806530641184914,0.011743888258934021,0.6494280629687839,0.6776547431945801,0.02822668022579622,11.19202655795984,10.667907467829199,0.5241190901306414,0.3083803885512882,0.28984752628538346,0.018532862265904726,0.6474869317478604,0.6702986690733168,0.022811737325456383
donut,391_47032_93657,8.298858460762956,8.125419265376854,0.17343919538610209,0.28792686719680205,0.3001326654985961,-0.012205798301794024,0.8373050027423434,0.8438634276390076,0.006558424896664139,8.004176666779133,7.718663616656013,0.2855130501231198,0.24592949167385492,0.2430700899826156,0.002859401691239327,0.8382103012667762,0.8465553522109985,0.008345050944222332
donut,403_52964_103416,11.180030638839908,11.498128850790415,-0.3180982119505078,0.49928900599479675,0.48870011501842076,0.010588890976375998,0.6462155613634322,0.6375189224878947,-0.00869663887553751,11.27183378566501,11.464406590171503,-0.1925728045064936,0.47120625111791825,0.4548712389336692,0.016335012184249043,0.6532346109549204,0.6491275462839339,-0.004107064670986538
hydrant,167_18184_34441,8.405240118321567,8.04415439251149,0.36108572581007614,0.2299947589635849,0.22111962735652924,0.008875131607055664,0.7534579535325369,0.7664107812775506,0.012952827745013717,8.397706971180968,7.744937507019606,0.652769464161362,0.21785746266444525,0.21334457728597853,0.0045128853784667244,0.741381049156189,0.7698962026172214,0.028515153461032394
hydrant,411_56064_108483,8.877067174318162,9.22019630677737,-0.3431291324592074,0.3262861967086792,0.3348136196533839,-0.00852742294470471,0.7150970300038656,0.7040367275476456,-0.011060302456220028,8.938735572439658,9.056815422835205,-0.11807985039554758,0.32176675895849866,0.3297356499565972,-0.007968890998098555,0.7140491339895461,0.7112330430083804,-0.002816090981165642
mouse,107_12753_23606,8.115333796551816,7.45579128229936,0.6595425142524558,0.43303529421488446,0.41089823676480186,0.022137057450082598,0.7092285321818458,0.7357023159662882,0.02647378378444243,8.238467653434679,7.636945095150637,0.6015225582840422,0.4137376546859741,0.38464974860350293,0.029087906082471193,0.7110960715346866,0.7385309206114875,0.027434849076800938
mouse,377_43416_86289,9.061668216802298,8.629066771008867,0.43260144579343063,0.2445024847984314,0.23832443190945518,0.006178052888976215,0.6565572023391724,0.6992590957217746,0.04270189338260222,9.133789106232236,8.660869863699638,0.47291924253259765,0.23226166599326664,0.22422008713086447,0.008041578862402171,0.6620129446188608,0.6998735070228577,0.03786056240399682
orange,374_42196_84367,10.54565400072223,10.253589789714788,0.2920642110074425,0.4486798875861698,0.4522901773452759,-0.0036102897591061,0.6724176572428809,0.681978401210573,0.00956074396769202,10.398977922437885,10.263083862707749,0.1358940597301359,0.41328395240836674,0.4228900240527259,-0.009606071644359171,0.6786874300903745,0.6971101727750566,0.018422742684682136
orange,385_45386_90752,9.216262192863562,9.009234007317321,0.2070281855462408,0.40703382591406506,0.40196100374062854,0.00507282217343652,0.7191579408115811,0.7204330894682143,0.0012751486566331405,9.224147844650822,9.184667989739745,0.039479854911077084,0.40923570262061226,0.4121240832739406,-0.0028883806533283596,0.7269000079896715,0.717665327919854,-0.009234680069817425
plant,247_26441_50907,10.066756036299385,9.505853889672725,0.5609021466266597,0.2657188011540307,0.2596699827247196,0.006048818429311098,0.6378958854410384,0.661571838789516,0.023675953348477607,9.981835572429313,9.528791929061091,0.4530436433682219,0.24600479503472647,0.23979218635294172,0.006212608681784748,0.6322787486844592,0.6572067456112968,0.02492799692683756
plant,374_42005_84358,9.38729877535443,9.260315659193097,0.12698311616133395,0.4035151931974623,0.4047227766778734,-0.0012075834804110563,0.685918402340677,0.6946776310602824,0.008759228719605328,9.406437658201657,9.399999380619374,0.006438277582283547,0.38593824373351204,0.38525335325135124,0.0006848904821608048,0.6846757895416684,0.6884018629789352,0.0037260734372668303
remote,195_20989_41543,8.047559372852476,7.773276113588458,0.27428325926401786,0.45226004388597274,0.451399306456248,0.0008607374297247561,0.6515795133180089,0.6639604022105535,0.012380888892544628,7.951247854453778,7.737505571203845,0.2137422832499336,0.4173409591118495,0.4187760866350598,-0.001435127523210289,0.6601231280300353,0.6651947912242677,0.0050716631942324675
remote,350_36761_68623,10.127611756727623,9.706434512411724,0.4211772443158992,0.33017799258232117,0.3375990192095439,-0.0074210266272227154,0.6564556095335219,0.6603345572948456,0.0038789477613236922,10.227247786599195,9.953339276838799,0.27390850976039616,0.3090827431943681,0.33110636803838944,-0.022023624844021317,0.6567800905969408,0.6629321244027879,0.006152033805847168
skateboard,245_26182_52130,10.61852586846792,10.484051295367747,0.13447457310017263,0.2913203736146291,0.3055398066838582,-0.014219433069229126,0.6103785402244992,0.6245676908228133,0.014189150598314049,10.712707597179323,10.509931471351406,0.20277612582791704,0.2819892548852497,0.29407543771796757,-0.012086182832717896,0.604937516980701,0.6213680456082026,0.016430528627501606
skateboard,366_39266_76077,9.975430813715766,9.511124382862407,0.4643064308533589,0.3545640773243374,0.3335639950301912,0.02100008229414624,0.6579087906413608,0.6900398333867391,0.03213104274537837,10.093327808955868,9.460006440070261,0.633321368885607,0.3453519377443526,0.33010025322437286,0.015251684519979714,0.6466679639286466,0.6799165937635634,0.03324862983491683
suitcase,410_55734_107452,11.330966430870681,12.347326123961984,-1.016359693091303,0.38307996094226837,0.3578869667318132,0.025192994210455177,0.6824390391508738,0.6485927402973175,-0.03384629885355628,11.808436837971248,12.226829208868912,-0.41839237089766357,0.3564060694641537,0.3323169532749388,0.024089116189214888,0.6635294407606125,0.6404132511880662,-0.023116189572546242
suitcase,50_2928_8645,10.492457754586269,10.245726649284974,0.24673110530129527,0.23012920717398325,0.2282480945189794,0.001881112655003847,0.6627990901470184,0.6842310693528917,0.021431979205873253,10.520858786948352,10.22473103003078,0.2961277569175724,0.23286809689468807,0.2328810410367118,-1.2944142023740834e-05,0.6694231960508559,0.6963562634256151,0.0269330673747592
teddybear,187_20215_38541,11.263737510096966,10.899646048332007,0.3640914617649589,0.36174092027876115,0.37999747196833294,-0.0182565516895718,0.6226323139336374,0.6350372400548723,0.012404926121234894,11.430704963736293,11.277872791933904,0.15283217180238928,0.3473937229977714,0.36284049683147007,-0.01544677383369869,0.6086345033513175,0.6176502505938212,0.009015747242503647
teddybear,34_1479_4753,8.062506360748412,8.4257994957588,-0.3632931350103892,0.33940720392598045,0.3678976794083913,-0.02849047548241085,0.7005738185511695,0.6808418366644118,-0.019731981886757732,8.124344745735009,8.557008871570797,-0.43266412583578884,0.3147568421231376,0.33814025587505764,-0.023383413751920046,0.6904031336307526,0.674092580874761,-0.01631055275599158
toaster,372_41229_82130,9.35153557081491,9.726775013126549,-0.3752394423116385,0.24943943321704865,0.2614702151881324,-0.01203078197108376,0.7003627154562209,0.712579220533371,0.012216505077150108,9.429837944324452,9.989171366660836,-0.5593334223363833,0.24127119779586792,0.24792890085114372,-0.006657703055275799,0.6888562507099576,0.7003888918293847,0.01153264111942709
toaster,416_57389_110765,8.94036678628678,8.879567135581212,0.06079965070556881,0.25982048279709286,0.2737484292851554,-0.01392794648806256,0.6644205682807498,0.6607667985889647,-0.0036537696917851026,8.962864799668061,8.886075729680245,0.0767890699878162,0.24633026123046875,0.2523000306553311,-0.005969769424862326,0.6553526288933225,0.6539041499296824,-0.0014484789636400874
toytrain,240_25394_51994,9.455672703142138,8.403316969058528,1.0523557340836103,0.3373253444830577,0.2897072699334886,0.04761807454956907,0.6973514250583119,0.7492471204863654,0.0518956954280535,9.593410089709895,8.531967291455036,1.061442798254859,0.31998446418179405,0.2805725716882282,0.03941189249356586,0.6956573923428854,0.7519842386245728,0.05632684628168738
toytrain,399_51323_100753,6.955382280509013,7.290973292158832,-0.33559101164981975,0.4345905151632097,0.39412454929616714,0.04046596586704254,0.794292946656545,0.7633169094721476,-0.030976037184397454,7.399180024523512,7.62632380124813,-0.22714377672461783,0.43815891610251534,0.39127015901936424,0.0468887570831511,0.7731255624029372,0.7454389068815443,-0.027686655521392822
toytruck,190_20494_39385,11.410248772622102,10.93249091753393,0.47775785508817314,0.28789735833803815,0.2950997253259023,-0.007202366987864139,0.5818620754612817,0.6015648146470388,0.019702739185757157,10.81109091462713,10.716108890173878,0.09498202445325177,0.26176271008120644,0.2729082653919856,-0.011145555310779154,0.592276910940806,0.6016936235957675,0.009416712654961468
toytruck,346_36113_66551,8.247981905742865,8.37921377523703,-0.1312318694941652,0.2905138350195355,0.2745753096209632,0.015938525398572267,0.6996785700321198,0.6887206865681542,-0.010957883463965534,8.53746999162773,8.589665842116723,-0.052195850488992335,0.29280100266138714,0.2854819479915831,0.007319054669804037,0.6978163487381406,0.6883892483181424,-0.009427100419998169
vase,374_41862_83720,9.80953854675311,9.500183069071689,0.3093554776814216,0.39439043071534896,0.3897438645362854,0.00464656617906356,0.6204783784018623,0.6378337740898132,0.01735539568795097,9.75904939176814,9.41434248220595,0.3447069095621913,0.38306791914833915,0.38148946563402814,0.0015784535143110179,0.6244180864757962,0.6401901874277327,0.015772100951936485
vase,380_44863_89631,11.427479978300353,10.306851303897721,1.1206286744026315,0.3608609702852037,0.35106572177675033,0.00979524850845337,0.6223143024577035,0.6859140661027696,0.06359976364506614,11.943620652127244,10.569728543300236,1.3738921088270075,0.34296685126092696,0.3376687963803609,0.005298054880566061,0.6152705318397946,0.6782145400842031,0.06294400824440849
