boundary_excess_mean,boundary_excess_median,boundary_pixels,category,d_max,d_mean,d_median,d_p90,d_p95,discontinuity_excess_mean,discontinuity_excess_median,discontinuity_pixels,eExcess_max,eExcess_mean,eExcess_median,eExcess_p90,eExcess_p95,eF_max,eF_mean,eF_median,eF_p90,eF_p95,eQ_max,eQ_mean,eQ_median,eQ_p90,eQ_p95,frame,interior_excess_mean,interior_excess_median,interior_pixels,radius,rho_d_eExcess,rho_d_eQ,sequence,smooth_excess_mean,smooth_excess_median,smooth_pixels,top10_excess_precision,top10_excess_recall,valid_pixels
0.03276790248998133,0.026506558060500215,475,toytruck,0.4991614805176759,0.06130350728056294,0.05829969215671392,0.09300784665924644,0.10516599884102049,0.03876612411563575,0.03131403662852993,604,0.49833841693621894,0.0398831394468277,0.0410559385227727,0.07478093699349873,0.09052393723122058,2.2477354292484377,0.03940960353315915,0.02777168195762328,0.07001238850764457,0.09445453531634829,2.106114850205762,0.07644861492267913,0.06987308613681789,0.11677702140171298,0.14131858402665162,1,0.04049133407603447,0.04162212115519912,5557,2.318862406694102,0.576984152463979,0.5239053938130952,190_20494_39385,0.040007435183754735,0.04175854920246,5428,0.6225165562913907,0.6225165562913907,6032
0.05367082073428793,0.05472593345176595,743,toytruck,0.26950020159558463,0.06260138537804481,0.058943738587175436,0.09074595095418195,0.10454666296302502,0.041491193951692366,0.03610277241125667,935,0.25973601222282605,0.04646171841405985,0.04570938924129371,0.08031169883472274,0.08968057033049022,0.6756294348341575,0.0699717467121065,0.05725252775025265,0.11426436263150645,0.15898251227694837,0.6448675371627173,0.1141169702240404,0.10607691682291538,0.17718597988212037,0.2177798445916705,41,0.04583903031548632,0.04529980727453415,8602,2.318862406694102,0.8045986119198885,0.6220210907296373,190_20494_39385,0.04701432725737894,0.046423690241923804,8410,0.7368983957219252,0.7368983957219252,9345
0.029913923802238996,0.021207546506770494,795,toytruck,0.9803524567565151,0.08213042141448525,0.07874102417188422,0.1285037928315248,0.13692792975685844,0.032135258415657134,0.011472614926046898,1697,0.5634601983212691,0.036074269123103644,0.024997112856889173,0.09661519937520364,0.10696872225403892,2.4525169483238143,0.08838750029466565,0.06788426156778762,0.14323965426832902,0.1921023427227209,2.3316953412432238,0.1168171612015324,0.10946538618586973,0.17287633660782717,0.20892459018513457,75,0.03637718070957614,0.025264411863930258,16168,2.318862406694102,0.646443050820182,0.5138103454403978,190_20494_39385,0.03651213766565157,0.025919149582818116,15266,0.5138479670005893,0.5138479670005893,16963
0.07727486458234048,0.06950844935832523,708,toytruck,0.848820317215008,0.08699432180898894,0.07960760469533537,0.12461162895402941,0.14573081740981403,0.06867186978432886,0.06440028245040275,865,0.28706195701090687,0.0699419976216401,0.0667836969675503,0.11932337369562207,0.14067056303059902,1.7220126393010897,0.07490140760727525,0.05515786963691301,0.12897572532615478,0.175782162871435,1.6324933882254793,0.14368704661420714,0.11916580199489037,0.24240692240580566,0.30081984596490635,123,0.0692882995848514,0.06663055870389487,7942,2.318862406694102,0.6828261943312144,0.45798230172494464,190_20494_39385,0.0700831229368969,0.0670294774988789,7785,0.8578034682080925,0.8578034682080925,8650
0.03758873668604669,0.034820171477955325,568,toytruck,1.074863805565686,0.03807631250601725,0.037523120211674,0.05155349904402993,0.059671611475742174,0.02600147466302414,0.025421583291058585,894,1.074841931709742,0.02499372452954153,0.029148984069829985,0.04608165330513557,0.050392530500636565,1.1431989435203054,0.06500476338786447,0.05529159807635925,0.10278637949957245,0.122090856711843,1.4984890407173714,0.08750267348059868,0.07817365910590732,0.12547455436828298,0.14925490121320478,162,0.024139213432444663,0.028740147588352905,8372,2.318862406694102,0.7691252961116477,0.4487495878415975,190_20494_39385,0.024881752292487902,0.029555576939282006,8046,0.6442953020134228,0.6442953020134228,8940
0.03879437755901356,0.03725173395450944,684,toytruck,0.9142131987919236,0.05642127333195796,0.05453342653822307,0.07599918849038459,0.0848876952666968,0.03584774251744188,0.037847265213318174,1571,0.18994827901387146,0.035558529476603346,0.03785398747124667,0.05970719473292443,0.06862955966484723,1.228975909413716,0.06990376208275219,0.05413987618838301,0.1249625298374138,0.16634758764122015,0.9190843517207744,0.10416587320115085,0.08932310161435568,0.15766550643614882,0.20405823140985224,202,0.03541116147018691,0.03788530387726151,15019,2.318862406694102,0.49235012894042746,0.4881753620532063,190_20494_39385,0.03552637877697433,0.03785444901992372,14132,0.521323997453851,0.521323997453851,15703
0.01576145617406412,0.015111121315551323,1164,bench,0.3554297728714356,0.030703467467581656,0.03111176337098438,0.036787546408464024,0.038736796409181797,0.008345068793818869,0.006062938696843363,1851,0.3507089969209309,0.014346988366552127,0.014003039046106598,0.02638263835718014,0.028036568214807774,1.2872356877449802,0.015419782076388824,0.009790455262478324,0.02124249638574939,0.026421704466258116,1.2440907435167465,0.029236153594626207,0.025935780292707076,0.034314533635340906,0.03730301269827735,1,0.014251548071615952,0.013961779033704344,17251,2.264437963913851,0.44154238453185485,0.6847192783975254,415_57112_110099,0.015017693095429769,0.014792565880575382,16564,0.36210640608034744,0.36210640608034744,18415
0.024646440619357297,0.014306152927349823,856,bench,0.6522901853998025,0.04128553673196899,0.041024587766395115,0.060780775441341375,0.06786364666378067,0.029806968622629514,0.031810855936142655,2196,0.4985099995460182,0.02590420311122559,0.022800243374626564,0.05163720102210928,0.05768355071543483,1.8745554386622627,0.023196419249791513,0.018249549252825032,0.03171620543102637,0.0369197106455029,1.8619090485098941,0.04832045814403914,0.04029707688436346,0.07691098695882476,0.0869781461885974,41,0.025955702426878478,0.023458236227413318,20906,2.264437963913851,0.7957185589275055,0.7479455961926695,415_57112_110099,0.02546617423138081,0.02086262911197581,19566,0.6348185576481397,0.6348185576481397,21762
0.0036183543338592825,0.0,659,bench,1.662084628411524,0.037125535590191605,0.035848085250734185,0.04595624884379318,0.04812057958996649,0.006486017718723673,0.0,1396,0.5861795917742377,0.000918031071589996,0.0,0.0,0.0,2.389108224582031,0.07076836411792747,0.06692652133637329,0.08210144720720766,0.08906190581079633,2.358573708225122,0.046034148355757774,0.03866972912477018,0.06914785669077556,0.0793379515000858,81,0.0007840013186461488,0.0,13277,2.264437963913851,-0.22123425979040226,-0.6389361329311709,415_57112_110099,0.0002981818403779855,0.0,12540,1.0,0.10002870264064294,13936
0.04366843032845982,0.01305719858669337,749,bench,2.5970797780233585,0.032435779117820966,0.0255043948239948,0.03385645632788935,0.039195289141939864,0.04688228545364302,0.014508218363522687,2028,2.595504892618622,0.016002544812791498,0.011114680467013832,0.022957291855879768,0.029494651664438796,3.7684844570295533,0.05916359638964744,0.04177826272869799,0.055822734738472865,0.06179051706672771,3.9835107514328962,0.07269905864646271,0.05371348015201846,0.07405573510014096,0.08659667286775627,122,0.014926313990560502,0.011092140205139548,19254,2.264437963913851,0.629429137757648,0.29237140009044116,415_57112_110099,0.012518588539097649,0.010883927642598844,17975,0.8140929535232384,0.8140929535232384,20003
0.0364644163907491,0.035798500601260386,621,bench,0.7859607794485618,0.05484510323818322,0.049295413621301465,0.0805178347098954,0.10118150666010817,0.06999001659699122,0.07045624878130922,961,0.37173038172543776,0.04212387928921403,0.03791623327062539,0.06891737495827069,0.09277095366399123,0.9283509965542416,0.04636462355914863,0.045995902334996286,0.05859625001296303,0.06417024185732939,0.9109465192881104,0.08758136331950192,0.0827562649027928,0.1068900527624988,0.14545933655202425,162,0.04251854817859604,0.03800545441136604,8905,2.264437963913851,0.902555032504,0.6053228880986942,415_57112_110099,0.03899727590885514,0.03714955130124763,8565,0.9317943336831059,0.9317943336831059,9526
0.023227834185522246,0.02320507810479823,1098,bench,1.2332640635857153,0.041728692391589155,0.040561321617629195,0.052442231326444225,0.055205513415920136,0.01267690629998874,0.0016070507067269257,1635,0.39024033050534784,0.02060160462015722,0.020977516791061936,0.03840564689216755,0.0420067700288043,1.6656212936724553,0.017480820721529244,0.011136728507776288,0.030492584298594663,0.03874375675706015,1.6611061735010804,0.036048965799025466,0.03218356140948466,0.04558023400652914,0.049271895505257554,202,0.02041101638071434,0.020855792912827256,15130,2.264437963913851,0.006059887681332323,0.27581854301903885,415_57112_110099,0.021489487972002314,0.022237780922739002,14593,0.30868761552680224,0.30868761552680224,16228
0.001185337180172754,0.0,689,toaster,0.2974095497590417,0.046753982879773975,0.04577400214247956,0.05570268758437609,0.057990123385963634,0.003925534436783416,0.0,1165,0.2774615290972983,0.0018611587210600944,0.0,0.006698845113070679,0.010917024563211981,1.4740526906054592,0.1331283478804662,0.12885884623989954,0.14992592314689618,0.16268451514294371,1.570237470594,0.12246512734023145,0.11880809723650426,0.1509879005161147,0.164543429850199,1,0.0019036519718057937,0.0,10958,2.4344105131840132,0.3691521693081549,0.1201164247585475,372_41229_82130,0.00163171799325837,0.0,10482,0.39914163090128757,0.39914163090128757,11647
0.009600107261479003,0.0,434,toaster,0.8645783418805421,0.05252709139900784,0.05120150935769715,0.059276884587022155,0.06396508043079593,0.0018933118960669795,0.0,944,0.7732705941766547,0.0007387026828569609,0.0,0.0,0.0,1.0602384171786572,0.1437553655842464,0.13275986712681848,0.17879892513594123,0.2087659171227384,1.3656247576104774,0.12465338009762296,0.11509125428283933,0.15504498007814774,0.1804645287470594,41,0.00031143353641523597,0.0,9001,2.4344105131840132,0.18755326889655285,-0.01670434843171819,372_41229_82130,0.0006103372256351663,0.0,8491,1.0,0.10005299417064123,9435
0.003791402399820236,0.0,356,toaster,0.7427299078116248,0.029231702097428557,0.02651146305908787,0.04391565469248559,0.049625586296613136,0.00286306287152022,0.0,962,0.2269051686829745,0.0021080774639981497,0.0,0.005686557932190184,0.01442382267987905,1.6087675460372532,0.21230351314754012,0.17554663327045353,0.27548889751775496,0.3655203133858891,1.5872985568594564,0.19419136096171977,0.1607587300938872,0.25292899442432953,0.34024174160989423,81,0.0020433691520283124,0.0,9261,2.4344105131840132,-0.2868208247740032,-0.18339497583011144,372_41229_82130,0.0020241611194532355,0.0,8655,0.06548856548856549,0.06548856548856549,9617
0.019549507386431124,0.0,318,toaster,1.334145664002764,0.04636023207639263,0.04186777171485874,0.05893778380555521,0.07456472377329483,0.010243598389521984,0.0,541,1.247830845133152,0.0016477489650527951,0.0,0.0,0.0,1.7878589003227898,0.14583811656475124,0.12948025099439664,0.1949221499658948,0.22561726920769362,1.8640082645953013,0.12077224309885351,0.10110313954496261,0.17457204980841953,0.21560342365179122,122,0.0005297679795857273,0.0,5092,2.4344105131840132,0.2399840677632503,0.16170823146189267,372_41229_82130,0.0006926545845562187,0.0,4869,1.0,0.1,5410
0.020336771023773053,0.01505085925058365,431,toaster,1.2867504831056942,0.05783827819569021,0.05410431018789045,0.07581355523731284,0.07998510543899377,0.011179192092052549,0.0,827,0.6852276931900567,0.012849102939279234,0.006751119087878843,0.03462618369679449,0.04096819934489149,1.7748063015320112,0.12975555080410867,0.12259029650323733,0.14460383222312412,0.15712645034244904,1.6894232510838616,0.13324099389097105,0.13219544470538508,0.16989147694707846,0.1824907019536123,162,0.01243699912821847,0.006217695708833293,7831,2.4344105131840132,0.6758862138986805,0.4432175716634596,372_41229_82130,0.013034848234592816,0.007873070379744468,7435,0.42321644498186217,0.42321644498186217,8262
0.0051298340171154104,0.0,341,toaster,1.033042411650975,0.033353109491563226,0.028667073954306208,0.04262471384592052,0.05264809143615742,0.0036906006200335714,0.0,832,0.562840822253263,0.000920572887785254,0.0,0.0,0.0019906317545958807,2.4604403571376587,0.13902252851549327,0.12393070888952228,0.1656462960581777,0.19945899985486298,2.4571006850613855,0.12383584594913395,0.10987008724300945,0.14944685157220658,0.18299617697225953,202,0.0007405681166413383,0.0,7974,2.4344105131840132,0.2517758033214762,0.0555757736746241,372_41229_82130,0.0006125863752594487,0.0,7483,1.0,0.10006013229104029,8315
