study,N,method,psnr_db,ssim,lpips,mae,gt,render
cup,3,Full VGGT,13.772416052496439,0.6312586665153503,0.47209441661834717,0.15018298176544342,/var/tmp/atep12oh/QuantSplat_Integrated/outputs/wcup_viewcount_20260914/N03/models/full/test/ours_3000/gt/00000.png,/var/tmp/atep12oh/QuantSplat_Integrated/outputs/wcup_viewcount_20260914/N03/models/full/test/ours_3000/renders/00000.png
cup,3,W4A4,13.853984152762626,0.5890790820121765,0.49148979783058167,0.152112577514947,/var/tmp/atep12oh/QuantSplat_Integrated/outputs/wcup_viewcount_20260914/N03/models/w4a4/test/ours_3000/gt/00000.png,/var/tmp/atep12oh/QuantSplat_Integrated/outputs/wcup_viewcount_20260914/N03/models/w4a4/test/ours_3000/renders/00000.png
cup,3,W3A3 raw,13.947779566447906,0.5519347190856934,0.5018398761749268,0.14938233554974048,/var/tmp/atep12oh/QuantSplat_Integrated/outputs/wcup_viewcount_20260914/N03/models/w3a3_raw/test/ours_3000/gt/00000.png,/var/tmp/atep12oh/QuantSplat_Integrated/outputs/wcup_viewcount_20260914/N03/models/w3a3_raw/test/ours_3000/renders/00000.png
cup,3,W3A3 + corrector,13.95818768801216,0.5611109137535095,0.5056784152984619,0.14936011589030618,/var/tmp/atep12oh/QuantSplat_Integrated/outputs/wcup_viewcount_20260914/N03/models/w3a3_corrected/test/ours_3000/gt/00000.png,/var/tmp/atep12oh/QuantSplat_Integrated/outputs/wcup_viewcount_20260914/N03/models/w3a3_corrected/test/ours_3000/renders/00000.png
cup,3,W3A3 + confidence,11.880418746893733,0.43618977069854736,0.668322741985321,0.20462496488227294,/var/tmp/atep12oh/QuantSplat_Integrated/outputs/wcup_viewcount_20260914/N03/models/w3a3_confidence/test/ours_3000/gt/00000.png,/var/tmp/atep12oh/QuantSplat_Integrated/outputs/wcup_viewcount_20260914/N03/models/w3a3_confidence/test/ours_3000/renders/00000.png
cup,3,W3A3 + corr. + conf.,12.330995736337462,0.4520680606365204,0.6716147065162659,0.1943342400334053,/var/tmp/atep12oh/QuantSplat_Integrated/outputs/wcup_viewcount_20260914/N03/models/w3a3_corrected_confidence/test/ours_3000/gt/00000.png,/var/tmp/atep12oh/QuantSplat_Integrated/outputs/wcup_viewcount_20260914/N03/models/w3a3_corrected_confidence/test/ours_3000/renders/00000.png
cup,6,Full VGGT,16.6312733328542,0.7017928957939148,0.36898839473724365,0.09843649706184458,/var/tmp/atep12oh/QuantSplat_Integrated/outputs/wcup_viewcount_20260914/N06/models/full/test/ours_3000/gt/00000.png,/var/tmp/atep12oh/QuantSplat_Integrated/outputs/wcup_viewcount_20260914/N06/models/full/test/ours_3000/renders/00000.png
cup,6,W4A4,15.441143293324453,0.5952481031417847,0.4000661075115204,0.11206691199561673,/var/tmp/atep12oh/QuantSplat_Integrated/outputs/wcup_viewcount_20260914/N06/models/w4a4/test/ours_3000/gt/00000.png,/var/tmp/atep12oh/QuantSplat_Integrated/outputs/wcup_viewcount_20260914/N06/models/w4a4/test/ours_3000/renders/00000.png
cup,6,W3A3 raw,15.374020390806386,0.5243205428123474,0.45398467779159546,0.11730988601099238,/var/tmp/atep12oh/QuantSplat_Integrated/outputs/wcup_viewcount_20260914/N06/models/w3a3_raw/test/ours_3000/gt/00000.png,/var/tmp/atep12oh/QuantSplat_Integrated/outputs/wcup_viewcount_20260914/N06/models/w3a3_raw/test/ours_3000/renders/00000.png
cup,6,W3A3 + corrector,15.380214604813533,0.5325567126274109,0.42317667603492737,0.11539192370115882,/var/tmp/atep12oh/QuantSplat_Integrated/outputs/wcup_viewcount_20260914/N06/models/w3a3_corrected/test/ours_3000/gt/00000.png,/var/tmp/atep12oh/QuantSplat_Integrated/outputs/wcup_viewcount_20260914/N06/models/w3a3_corrected/test/ours_3000/renders/00000.png
cup,6,W3A3 + confidence,15.680986738196761,0.5467677712440491,0.4370405972003937,0.11379655451666115,/var/tmp/atep12oh/QuantSplat_Integrated/outputs/wcup_viewcount_20260914/N06/models/w3a3_confidence/test/ours_3000/gt/00000.png,/var/tmp/atep12oh/QuantSplat_Integrated/outputs/wcup_viewcount_20260914/N06/models/w3a3_confidence/test/ours_3000/renders/00000.png
cup,6,W3A3 + corr. + conf.,15.51118781295999,0.5455648303031921,0.4076855480670929,0.11389691126463782,/var/tmp/atep12oh/QuantSplat_Integrated/outputs/wcup_viewcount_20260914/N06/models/w3a3_corrected_confidence/test/ours_3000/gt/00000.png,/var/tmp/atep12oh/QuantSplat_Integrated/outputs/wcup_viewcount_20260914/N06/models/w3a3_corrected_confidence/test/ours_3000/renders/00000.png
cup,9,Full VGGT,12.770426585246035,0.6368065476417542,0.4535640478134155,0.1542756873579018,/var/tmp/atep12oh/QuantSplat_Integrated/outputs/wcup_viewcount_20260914/N09/models/full/test/ours_3000/gt/00000.png,/var/tmp/atep12oh/QuantSplat_Integrated/outputs/wcup_viewcount_20260914/N09/models/full/test/ours_3000/renders/00000.png
cup,9,W4A4,12.316848668624864,0.5438078045845032,0.5033189654350281,0.16982478537253917,/var/tmp/atep12oh/QuantSplat_Integrated/outputs/wcup_viewcount_20260914/N09/models/w4a4/test/ours_3000/gt/00000.png,/var/tmp/atep12oh/QuantSplat_Integrated/outputs/wcup_viewcount_20260914/N09/models/w4a4/test/ours_3000/renders/00000.png
cup,9,W3A3 raw,13.121849286356262,0.479236364364624,0.5633400678634644,0.15796855052971537,/var/tmp/atep12oh/QuantSplat_Integrated/outputs/wcup_viewcount_20260914/N09/models/w3a3_raw/test/ours_3000/gt/00000.png,/var/tmp/atep12oh/QuantSplat_Integrated/outputs/wcup_viewcount_20260914/N09/models/w3a3_raw/test/ours_3000/renders/00000.png
cup,9,W3A3 + corrector,12.759093837668448,0.4822721481323242,0.5357580780982971,0.16222749782196483,/var/tmp/atep12oh/QuantSplat_Integrated/outputs/wcup_viewcount_20260914/N09/models/w3a3_corrected/test/ours_3000/gt/00000.png,/var/tmp/atep12oh/QuantSplat_Integrated/outputs/wcup_viewcount_20260914/N09/models/w3a3_corrected/test/ours_3000/renders/00000.png
cup,9,W3A3 + confidence,14.485069598126344,0.5229930281639099,0.48670676350593567,0.12380091688827878,/var/tmp/atep12oh/QuantSplat_Integrated/outputs/wcup_viewcount_20260914/N09/models/w3a3_confidence/test/ours_3000/gt/00000.png,/var/tmp/atep12oh/QuantSplat_Integrated/outputs/wcup_viewcount_20260914/N09/models/w3a3_confidence/test/ours_3000/renders/00000.png
cup,9,W3A3 + corr. + conf.,14.222711106626518,0.5273132920265198,0.46513456106185913,0.12471370953266693,/var/tmp/atep12oh/QuantSplat_Integrated/outputs/wcup_viewcount_20260914/N09/models/w3a3_corrected_confidence/test/ours_3000/gt/00000.png,/var/tmp/atep12oh/QuantSplat_Integrated/outputs/wcup_viewcount_20260914/N09/models/w3a3_corrected_confidence/test/ours_3000/renders/00000.png
cup,12,Full VGGT,15.885187059461586,0.7172243595123291,0.3396058678627014,0.08764111484685573,/var/tmp/atep12oh/QuantSplat_Integrated/outputs/wcup_viewcount_20260914/N12/models/full/test/ours_3000/gt/00000.png,/var/tmp/atep12oh/QuantSplat_Integrated/outputs/wcup_viewcount_20260914/N12/models/full/test/ours_3000/renders/00000.png
cup,12,W4A4,15.074246234688836,0.6216869950294495,0.38770541548728943,0.10279103696119583,/var/tmp/atep12oh/QuantSplat_Integrated/outputs/wcup_viewcount_20260914/N12/models/w4a4/test/ours_3000/gt/00000.png,/var/tmp/atep12oh/QuantSplat_Integrated/outputs/wcup_viewcount_20260914/N12/models/w4a4/test/ours_3000/renders/00000.png
cup,12,W3A3 raw,15.233202239058652,0.5266296863555908,0.5083268284797668,0.10796609460013125,/var/tmp/atep12oh/QuantSplat_Integrated/outputs/wcup_viewcount_20260914/N12/models/w3a3_raw/test/ours_3000/gt/00000.png,/var/tmp/atep12oh/QuantSplat_Integrated/outputs/wcup_viewcount_20260914/N12/models/w3a3_raw/test/ours_3000/renders/00000.png
cup,12,W3A3 + corrector,15.175578933021782,0.5324810147285461,0.49838823080062866,0.10804881575596294,/var/tmp/atep12oh/QuantSplat_Integrated/outputs/wcup_viewcount_20260914/N12/models/w3a3_corrected/test/ours_3000/gt/00000.png,/var/tmp/atep12oh/QuantSplat_Integrated/outputs/wcup_viewcount_20260914/N12/models/w3a3_corrected/test/ours_3000/renders/00000.png
cup,12,W3A3 + confidence,15.173491524444685,0.5215916633605957,0.5131019353866577,0.10889955786190436,/var/tmp/atep12oh/QuantSplat_Integrated/outputs/wcup_viewcount_20260914/N12/models/w3a3_confidence/test/ours_3000/gt/00000.png,/var/tmp/atep12oh/QuantSplat_Integrated/outputs/wcup_viewcount_20260914/N12/models/w3a3_confidence/test/ours_3000/renders/00000.png
cup,12,W3A3 + corr. + conf.,15.407226446351046,0.5354045033454895,0.4880008101463318,0.10616530122256132,/var/tmp/atep12oh/QuantSplat_Integrated/outputs/wcup_viewcount_20260914/N12/models/w3a3_corrected_confidence/test/ours_3000/gt/00000.png,/var/tmp/atep12oh/QuantSplat_Integrated/outputs/wcup_viewcount_20260914/N12/models/w3a3_corrected_confidence/test/ours_3000/renders/00000.png
bottle,6,W3A3 raw,13.97837746793435,0.6203066110610962,0.6451007127761841,0.1611257026815931,/var/tmp/atep12oh/QuantSplat_Integrated/outputs/bottle_confidence_replication_20260914/w3a3_raw_model/test/ours_3000/gt/00000.png,/var/tmp/atep12oh/QuantSplat_Integrated/outputs/bottle_confidence_replication_20260914/w3a3_raw_model/test/ours_3000/renders/00000.png
bottle,6,W3A3 + corrector,13.40949719410581,0.6154326796531677,0.6291164755821228,0.1763929693437957,/var/tmp/atep12oh/QuantSplat_Integrated/outputs/bottle_confidence_replication_20260914/w3a3_corrector_model/test/ours_3000/gt/00000.png,/var/tmp/atep12oh/QuantSplat_Integrated/outputs/bottle_confidence_replication_20260914/w3a3_corrector_model/test/ours_3000/renders/00000.png
bottle,6,W3A3 + confidence,12.520765305294796,0.6149885058403015,0.6738146543502808,0.1981823723323732,/var/tmp/atep12oh/QuantSplat_Integrated/outputs/bottle_confidence_replication_20260914/w3a3_confidence_model/test/ours_3000/gt/00000.png,/var/tmp/atep12oh/QuantSplat_Integrated/outputs/bottle_confidence_replication_20260914/w3a3_confidence_model/test/ours_3000/renders/00000.png
bottle,6,W3A3 + corr. + conf.,12.233385569787124,0.614643931388855,0.6390435099601746,0.2080413101993266,/var/tmp/atep12oh/QuantSplat_Integrated/outputs/bottle_confidence_replication_20260914/w3a3_corrector_confidence_model/test/ours_3000/gt/00000.png,/var/tmp/atep12oh/QuantSplat_Integrated/outputs/bottle_confidence_replication_20260914/w3a3_corrector_confidence_model/test/ours_3000/renders/00000.png
