N,tag,method,psnr_db,mae,number_of_3dgs_test_views,fixed_target_gt,fixed_target_render,model_dir
3,N03,Full VGGT,13.772416184937406,0.15018298042372535,1,/var/tmp/atep12oh/QuantSplat_Integrated/outputs/wcup_viewcount_20260914/N03/models/full/test/ours_3000/gt/00000.png,/var/tmp/atep12oh/QuantSplat_Integrated/outputs/wcup_viewcount_20260914/N03/models/full/test/ours_3000/renders/00000.png,/var/tmp/atep12oh/QuantSplat_Integrated/outputs/wcup_viewcount_20260914/N03/models/full
3,N03,W4A4,13.853984271783453,0.15211257622113855,1,/var/tmp/atep12oh/QuantSplat_Integrated/outputs/wcup_viewcount_20260914/N03/models/w4a4/test/ours_3000/gt/00000.png,/var/tmp/atep12oh/QuantSplat_Integrated/outputs/wcup_viewcount_20260914/N03/models/w4a4/test/ours_3000/renders/00000.png,/var/tmp/atep12oh/QuantSplat_Integrated/outputs/wcup_viewcount_20260914/N03/models/w4a4
3,N03,W3A3 raw,13.947779707510326,0.14938233389289485,1,/var/tmp/atep12oh/QuantSplat_Integrated/outputs/wcup_viewcount_20260914/N03/models/w3a3_raw/test/ours_3000/gt/00000.png,/var/tmp/atep12oh/QuantSplat_Integrated/outputs/wcup_viewcount_20260914/N03/models/w3a3_raw/test/ours_3000/renders/00000.png,/var/tmp/atep12oh/QuantSplat_Integrated/outputs/wcup_viewcount_20260914/N03/models/w3a3_raw
3,N03,W3A3 + corrector,13.95818783762579,0.14936011414548775,1,/var/tmp/atep12oh/QuantSplat_Integrated/outputs/wcup_viewcount_20260914/N03/models/w3a3_corrected/test/ours_3000/gt/00000.png,/var/tmp/atep12oh/QuantSplat_Integrated/outputs/wcup_viewcount_20260914/N03/models/w3a3_corrected/test/ours_3000/renders/00000.png,/var/tmp/atep12oh/QuantSplat_Integrated/outputs/wcup_viewcount_20260914/N03/models/w3a3_corrected
3,N03,W3A3 + confidence,11.88041890185364,0.20462496174510708,1,/var/tmp/atep12oh/QuantSplat_Integrated/outputs/wcup_viewcount_20260914/N03/models/w3a3_confidence/test/ours_3000/gt/00000.png,/var/tmp/atep12oh/QuantSplat_Integrated/outputs/wcup_viewcount_20260914/N03/models/w3a3_confidence/test/ours_3000/renders/00000.png,/var/tmp/atep12oh/QuantSplat_Integrated/outputs/wcup_viewcount_20260914/N03/models/w3a3_confidence
3,N03,W3A3 + corr. + conf.,12.33099588593914,0.19433423722544785,1,/var/tmp/atep12oh/QuantSplat_Integrated/outputs/wcup_viewcount_20260914/N03/models/w3a3_corrected_confidence/test/ours_3000/gt/00000.png,/var/tmp/atep12oh/QuantSplat_Integrated/outputs/wcup_viewcount_20260914/N03/models/w3a3_corrected_confidence/test/ours_3000/renders/00000.png,/var/tmp/atep12oh/QuantSplat_Integrated/outputs/wcup_viewcount_20260914/N03/models/w3a3_corrected_confidence
6,N06,Full VGGT,16.63127342696391,0.0984364965854859,1,/var/tmp/atep12oh/QuantSplat_Integrated/outputs/wcup_viewcount_20260914/N06/models/full/test/ours_3000/gt/00000.png,/var/tmp/atep12oh/QuantSplat_Integrated/outputs/wcup_viewcount_20260914/N06/models/full/test/ours_3000/renders/00000.png,/var/tmp/atep12oh/QuantSplat_Integrated/outputs/wcup_viewcount_20260914/N06/models/full
6,N06,W4A4,15.441143426824908,0.11206691101081293,1,/var/tmp/atep12oh/QuantSplat_Integrated/outputs/wcup_viewcount_20260914/N06/models/w4a4/test/ours_3000/gt/00000.png,/var/tmp/atep12oh/QuantSplat_Integrated/outputs/wcup_viewcount_20260914/N06/models/w4a4/test/ours_3000/renders/00000.png,/var/tmp/atep12oh/QuantSplat_Integrated/outputs/wcup_viewcount_20260914/N06/models/w4a4
6,N06,W3A3 raw,15.374020527687328,0.1173098847525375,1,/var/tmp/atep12oh/QuantSplat_Integrated/outputs/wcup_viewcount_20260914/N06/models/w3a3_raw/test/ours_3000/gt/00000.png,/var/tmp/atep12oh/QuantSplat_Integrated/outputs/wcup_viewcount_20260914/N06/models/w3a3_raw/test/ours_3000/renders/00000.png,/var/tmp/atep12oh/QuantSplat_Integrated/outputs/wcup_viewcount_20260914/N06/models/w3a3_raw
6,N06,W3A3 + corrector,15.380214734060262,0.11539192253477966,1,/var/tmp/atep12oh/QuantSplat_Integrated/outputs/wcup_viewcount_20260914/N06/models/w3a3_corrected/test/ours_3000/gt/00000.png,/var/tmp/atep12oh/QuantSplat_Integrated/outputs/wcup_viewcount_20260914/N06/models/w3a3_corrected/test/ours_3000/renders/00000.png,/var/tmp/atep12oh/QuantSplat_Integrated/outputs/wcup_viewcount_20260914/N06/models/w3a3_corrected
6,N06,W3A3 + confidence,15.6809868664935,0.1137965534399784,1,/var/tmp/atep12oh/QuantSplat_Integrated/outputs/wcup_viewcount_20260914/N06/models/w3a3_confidence/test/ours_3000/gt/00000.png,/var/tmp/atep12oh/QuantSplat_Integrated/outputs/wcup_viewcount_20260914/N06/models/w3a3_confidence/test/ours_3000/renders/00000.png,/var/tmp/atep12oh/QuantSplat_Integrated/outputs/wcup_viewcount_20260914/N06/models/w3a3_confidence
6,N06,W3A3 + corr. + conf.,15.511187947642851,0.11389691011539749,1,/var/tmp/atep12oh/QuantSplat_Integrated/outputs/wcup_viewcount_20260914/N06/models/w3a3_corrected_confidence/test/ours_3000/gt/00000.png,/var/tmp/atep12oh/QuantSplat_Integrated/outputs/wcup_viewcount_20260914/N06/models/w3a3_corrected_confidence/test/ours_3000/renders/00000.png,/var/tmp/atep12oh/QuantSplat_Integrated/outputs/wcup_viewcount_20260914/N06/models/w3a3_corrected_confidence
9,N09,Full VGGT,12.770426685220336,0.15427568641286557,2,/var/tmp/atep12oh/QuantSplat_Integrated/outputs/wcup_viewcount_20260914/N09/models/full/test/ours_3000/gt/00000.png,/var/tmp/atep12oh/QuantSplat_Integrated/outputs/wcup_viewcount_20260914/N09/models/full/test/ours_3000/renders/00000.png,/var/tmp/atep12oh/QuantSplat_Integrated/outputs/wcup_viewcount_20260914/N09/models/full
9,N09,W4A4,12.316848780424374,0.16982478406507479,2,/var/tmp/atep12oh/QuantSplat_Integrated/outputs/wcup_viewcount_20260914/N09/models/w4a4/test/ours_3000/gt/00000.png,/var/tmp/atep12oh/QuantSplat_Integrated/outputs/wcup_viewcount_20260914/N09/models/w4a4/test/ours_3000/renders/00000.png,/var/tmp/atep12oh/QuantSplat_Integrated/outputs/wcup_viewcount_20260914/N09/models/w4a4
9,N09,W3A3 raw,13.121849416286562,0.15796854899739296,2,/var/tmp/atep12oh/QuantSplat_Integrated/outputs/wcup_viewcount_20260914/N09/models/w3a3_raw/test/ours_3000/gt/00000.png,/var/tmp/atep12oh/QuantSplat_Integrated/outputs/wcup_viewcount_20260914/N09/models/w3a3_raw/test/ours_3000/renders/00000.png,/var/tmp/atep12oh/QuantSplat_Integrated/outputs/wcup_viewcount_20260914/N09/models/w3a3_raw
9,N09,W3A3 + corrector,12.759093959862673,0.16222749630653333,2,/var/tmp/atep12oh/QuantSplat_Integrated/outputs/wcup_viewcount_20260914/N09/models/w3a3_corrected/test/ours_3000/gt/00000.png,/var/tmp/atep12oh/QuantSplat_Integrated/outputs/wcup_viewcount_20260914/N09/models/w3a3_corrected/test/ours_3000/renders/00000.png,/var/tmp/atep12oh/QuantSplat_Integrated/outputs/wcup_viewcount_20260914/N09/models/w3a3_corrected
9,N09,W3A3 + confidence,14.48506973304884,0.12380091554518077,1,/var/tmp/atep12oh/QuantSplat_Integrated/outputs/wcup_viewcount_20260914/N09/models/w3a3_confidence/test/ours_3000/gt/00000.png,/var/tmp/atep12oh/QuantSplat_Integrated/outputs/wcup_viewcount_20260914/N09/models/w3a3_confidence/test/ours_3000/renders/00000.png,/var/tmp/atep12oh/QuantSplat_Integrated/outputs/wcup_viewcount_20260914/N09/models/w3a3_confidence
9,N09,W3A3 + corr. + conf.,14.22271123311019,0.12471370822495056,1,/var/tmp/atep12oh/QuantSplat_Integrated/outputs/wcup_viewcount_20260914/N09/models/w3a3_corrected_confidence/test/ours_3000/gt/00000.png,/var/tmp/atep12oh/QuantSplat_Integrated/outputs/wcup_viewcount_20260914/N09/models/w3a3_corrected_confidence/test/ours_3000/renders/00000.png,/var/tmp/atep12oh/QuantSplat_Integrated/outputs/wcup_viewcount_20260914/N09/models/w3a3_corrected_confidence
12,N12,Full VGGT,15.88518716166504,0.08764111439559996,2,/var/tmp/atep12oh/QuantSplat_Integrated/outputs/wcup_viewcount_20260914/N12/models/full/test/ours_3000/gt/00000.png,/var/tmp/atep12oh/QuantSplat_Integrated/outputs/wcup_viewcount_20260914/N12/models/full/test/ours_3000/renders/00000.png,/var/tmp/atep12oh/QuantSplat_Integrated/outputs/wcup_viewcount_20260914/N12/models/full
12,N12,W4A4,15.074246364145285,0.1027910360638046,2,/var/tmp/atep12oh/QuantSplat_Integrated/outputs/wcup_viewcount_20260914/N12/models/w4a4/test/ours_3000/gt/00000.png,/var/tmp/atep12oh/QuantSplat_Integrated/outputs/wcup_viewcount_20260914/N12/models/w4a4/test/ours_3000/renders/00000.png,/var/tmp/atep12oh/QuantSplat_Integrated/outputs/wcup_viewcount_20260914/N12/models/w4a4
12,N12,W3A3 raw,15.23320237163686,0.10796609366902342,2,/var/tmp/atep12oh/QuantSplat_Integrated/outputs/wcup_viewcount_20260914/N12/models/w3a3_raw/test/ours_3000/gt/00000.png,/var/tmp/atep12oh/QuantSplat_Integrated/outputs/wcup_viewcount_20260914/N12/models/w3a3_raw/test/ours_3000/renders/00000.png,/var/tmp/atep12oh/QuantSplat_Integrated/outputs/wcup_viewcount_20260914/N12/models/w3a3_raw
12,N12,W3A3 + corrector,15.175579069068224,0.10804881485099517,2,/var/tmp/atep12oh/QuantSplat_Integrated/outputs/wcup_viewcount_20260914/N12/models/w3a3_corrected/test/ours_3000/gt/00000.png,/var/tmp/atep12oh/QuantSplat_Integrated/outputs/wcup_viewcount_20260914/N12/models/w3a3_corrected/test/ours_3000/renders/00000.png,/var/tmp/atep12oh/QuantSplat_Integrated/outputs/wcup_viewcount_20260914/N12/models/w3a3_corrected
12,N12,W3A3 + confidence,15.173491659788795,0.1088995569009196,2,/var/tmp/atep12oh/QuantSplat_Integrated/outputs/wcup_viewcount_20260914/N12/models/w3a3_confidence/test/ours_3000/gt/00000.png,/var/tmp/atep12oh/QuantSplat_Integrated/outputs/wcup_viewcount_20260914/N12/models/w3a3_confidence/test/ours_3000/renders/00000.png,/var/tmp/atep12oh/QuantSplat_Integrated/outputs/wcup_viewcount_20260914/N12/models/w3a3_confidence
12,N12,W3A3 + corr. + conf.,15.407226586810715,0.10616530030565914,2,/var/tmp/atep12oh/QuantSplat_Integrated/outputs/wcup_viewcount_20260914/N12/models/w3a3_corrected_confidence/test/ours_3000/gt/00000.png,/var/tmp/atep12oh/QuantSplat_Integrated/outputs/wcup_viewcount_20260914/N12/models/w3a3_corrected_confidence/test/ours_3000/renders/00000.png,/var/tmp/atep12oh/QuantSplat_Integrated/outputs/wcup_viewcount_20260914/N12/models/w3a3_corrected_confidence
