auc_top10_eQ,auc_top10_excess,boundary_excess_enrichment,camera_alignment_warning_fraction,camera_alignment_warning_group_ids,camera_alignment_warning_groups,category,delta_error_median,disagreement_median,excess_error_median,fraction_quant_worse,full_camera_center_max,full_camera_center_median,full_camera_rotation_max_deg,full_camera_rotation_median_deg,full_error_median,groups,gt_depth_to_pointcloud_median_fraction_radius,high_depth_gradient_excess_enrichment,interior_excess_enrichment,primary_frames,quant_error_median,rho_d_delta,rho_d_eQ,rho_d_excess,sampled_pixels,scene_radius,sequence,smooth_excess_enrichment,top10_precision_eQ,top10_precision_excess,top10_quant_worse_fraction,w4a4_camera_center_max,w4a4_camera_center_median,w4a4_camera_rotation_max_deg,w4a4_camera_rotation_median_deg
0.8012522111878175,0.9411100600321916,1.0460805529194035,0.0,,0,toytruck,0.043785152956843376,0.08210331946611404,0.043785152956843376,0.8024808510638298,0.18310988705337025,0.054177539113632316,3.2572373949035893,1.3356521376506179,0.07561204582452774,32,0.003501312614518022,0.8951165948575274,0.9970902011831614,188,0.12058884277939796,0.5402653520614187,0.5188656354180776,0.5584369599879158,940000,2.318862406694102,190_20494_39385,0.9763375522008205,0.3919042553191489,0.5107234042553191,0.8751595744680851,0.318681872797126,0.08698678784580197,7.986183575136726,1.8711379794778638
0.745477576750428,0.9503592222627146,1.3740249225608372,0.0,,0,bench,0.013707030564546585,0.02980440855026245,0.013707030564546585,0.7760285714285714,0.10145420154341799,0.03647936077536381,1.1958560848228241,0.358187547572847,0.03702189400792122,33,0.0018040372329483762,1.073664318054365,0.9840778164271714,196,0.05118262395262718,0.49480727615823883,0.37215364161126796,0.5205738035890205,980000,2.264437963913851,415_57112_110099,1.0089413796375841,0.29189795918367345,0.5700306122448979,0.8565,0.15129309319891773,0.036875043406345384,1.8508449659808597,0.529055732357421
0.5544408431199556,0.7334581091995338,1.572946328405651,0.0,,0,toaster,-0.00865461677312851,0.058861080557107925,0.0,0.39885445544554454,0.23632285164211275,0.07824856095429164,2.2221597666077657,1.1855014362347556,0.12377378717064857,34,0.0030854489704507477,1.073520448649192,0.9709935745355375,202,0.11783589795231819,-0.11617347155013237,-0.07597865451969646,0.059224403726256696,1010000,2.4344105131840132,372_41229_82130,0.9485445870983507,0.17502970297029702,0.24846534653465346,0.46450495049504953,0.2262582352014288,0.08887601425146463,2.6564894747694856,1.1539264507334073
0.6958033404131098,0.8021058109603328,0.9414690573977222,0.0,,0,donut,0.0005318485200405121,0.14371146261692047,0.0005318485200405121,0.5022909090909091,0.27911044392040135,0.063962421402438,5.302929325575261,2.2407650501843026,0.18425659835338593,33,0.0025771343278946004,0.9889722322810219,1.002335497578572,198,0.18619244545698166,0.07483188216113387,0.24297296310077618,0.204620860415599,990000,2.468057284031467,391_47032_93657,0.9556521459493008,0.3398080808080808,0.3304040404040404,0.6824848484848485,0.2512697955542048,0.08286571403969642,5.496201846191062,2.5076193280299224
0.8653433218747617,0.9535807298358548,1.0966816259896095,0.0,,0,remote,0.06049850210547447,0.09485132992267609,0.06049850210547447,0.9088584158415841,0.105735579774633,0.04775739261609493,2.337048595766823,0.9143071063518149,0.084776122123003,34,0.0027109021980333443,0.9884957398905783,0.9936998596936738,202,0.144497849047184,0.742331808014473,0.6720017979644051,0.7444166561437795,1010000,2.79754661311508,350_36761_68623,1.0024683473344658,0.44245544554455446,0.5796435643564356,0.9867524752475247,0.20281482675568982,0.08074812831749704,5.584359555176884,1.759860991744948
0.7387601771737557,0.9473182527367863,1.1530324123467985,0.0,,0,orange,0.033222027122974396,0.15164075046777725,0.033222027122974396,0.624746875,0.2852454358890807,0.07575972557283692,6.1614071736646245,2.2757175349786696,0.21220619976520538,32,0.0025119854212313046,1.0672582510286757,0.9976114489588861,192,0.2567822337150574,0.3364659168484814,0.45285239805707056,0.4033751907451382,960000,2.5940627677135715,385_45386_90752,0.9661862920247308,0.4431875,0.6355833333333333,0.830875,0.39559070204344776,0.10364094603163057,7.695444170436099,3.0015814243420884
0.6383868911094537,0.9029303222335365,1.017072079266874,0.0,,0,broccoli,0.040264397859573364,0.08717168867588043,0.040264397859573364,0.7763959637876664,0.15158918747601322,0.05278326929791513,2.8935918364553865,1.1869911419227863,0.11016803979873657,34,0.0035332656074725105,0.9980729156697126,0.9992535218100125,202,0.15620365738868713,0.40840695727853776,0.33959265692064555,0.43082064692040967,996677,2.3621089913247904,412_56288_108844,1.0371826501250616,0.1832784845687683,0.42525183609583816,0.7403379219007103,0.23106355093186384,0.09433091720002461,3.037377074161876,1.777992018006244
0.7198048371891644,0.7964502627520178,1.1935887236893434,0.0,,0,suitcase,-0.03195499628782272,0.19854381680488586,0.0,0.37347128712871286,0.10029054783389119,0.033993531647927844,3.702491062547389,1.8236737526873106,0.22068963199853897,34,0.0021137053882509136,1.0072028910761666,0.9941743019187194,202,0.19734155386686325,0.3210689706409345,0.3278461976534787,0.47059578856526385,1010000,2.7164928371084445,50_2928_8645,1.0543061070063904,0.3066138613861386,0.206,0.6986138613861386,0.13573120653407444,0.0392706220071386,4.895299496992165,2.1895093833491925
0.7847632864901444,0.9294489198940322,1.0343306659006728,0.058823529411764705,g0000;g0013,2,donut,0.045291468501091,0.09107426181435585,0.045291468501091,0.763019604786538,0.4605677345312331,0.13208745794194937,2.6371742214636007,1.1565461728512711,0.18429480493068695,34,0.0033121497086087107,0.9214107388782806,0.9983840969561171,201,0.22558066993951797,0.46352449378871935,0.2934044713147604,0.4936914712635416,975068,2.367894988981486,403_52964_103416,0.9289882723941149,0.336714287179382,0.4977591352415724,0.7678525644312716,0.40183994066449114,0.1631139694151999,3.256008030218107,1.4673971547967668
0.8015001691827599,0.8884603302780774,1.2188864911163748,0.0,,0,teddybear,0.026280373334884644,0.07944381237030029,0.026280373334884644,0.7125683168316832,0.13243148076337657,0.05610364204295941,3.840346160101537,0.8499667358708003,0.08360756933689117,34,0.002506680502452059,0.968784671721507,0.9919856043560058,202,0.10931108146905899,0.43082274185513814,0.45742420992268623,0.46528410775446977,1010000,2.572643217375873,187_20215_38541,0.9754569324073735,0.4352079207920792,0.43147524752475247,0.8681485148514851,0.2195041673999739,0.08345250379490751,3.8273067611094187,1.4708368725891439
0.7094035090677384,0.94132771341045,1.0861201124064477,0.0,,0,bench,0.017487019300460815,0.035272419452667236,0.017487019300460815,0.8156861386138614,0.05357437009594443,0.015173236372837105,0.7626942564724776,0.281812295255293,0.022993016988039017,34,0.0021399984229187566,0.8840469915738526,0.9932569277662238,202,0.04139409214258194,0.5867523610954277,0.5614661646213381,0.6008974930888488,1010000,2.749239273571715,415_57121_110109,0.9920581483007851,0.3033861386138614,0.5157524752475248,0.9083663366336634,0.08305671315580848,0.03404300477296327,1.2428626166550576,0.5340455505577508
0.5328165816750821,0.8507937221204748,1.6306720642579915,0.0,,0,orange,-0.00027404725551605225,0.05898689851164818,0.0,0.4964664795731898,0.10641919922884356,0.04807470998416311,3.523792328212114,1.8997450074139248,0.10870087891817093,31,0.0028563429679065873,1.3680063632057635,0.9748114658622029,183,0.11005094647407532,0.1490958765029789,0.06778224850156861,0.2617719765424927,911131,2.6203217719223546,374_42196_84367,1.068514325735566,0.12958491560023708,0.34330618785258027,0.620212042057203,0.15242468603224063,0.08816774104026912,5.091197710126508,1.776400769683524
0.8098338546422358,0.9421398099330821,1.294024179347518,0.0,,0,ball,0.030415022745728493,0.06554977595806122,0.030415022745728493,0.8207364417858416,0.1604199292831678,0.05466789541960852,1.49483766981356,0.6179707558737362,0.056861432269215584,34,0.0022881432452675015,1.1310061318070344,0.9913360108640201,202,0.08779844641685486,0.5721093119152264,0.5110149665438043,0.5790872262722122,1009720,2.3980438741706367,123_14363_28981,1.0680298071633774,0.36866656102681933,0.5630967000752684,0.9098462940221052,0.25530863319188196,0.07271964923513918,2.927627798615744,0.9703112173317187
0.6866755143526441,0.8806717600455591,1.1574515173693316,0.0,,0,plant,0.03318163752555847,0.09697984904050827,0.03318163752555847,0.7260877350761237,0.2920548069160316,0.10082246005543463,7.027501080439636,1.8586678915346433,0.19919830560684204,34,0.0026885381734232387,0.9058845462695555,0.9939801276037075,200,0.24247442185878754,0.4234906168748542,0.4116149621759235,0.45837305759657504,999623,2.298616645998441,374_42005_84358,1.2374716506724615,0.31833778498044274,0.38370196972879966,0.7916629152786531,0.2601129694363398,0.07931885002164721,8.670510151655304,2.0642695927031096
0.7686679920409011,0.9126193998718404,1.2652572108175635,0.0,,0,toaster,0.017355769872665405,0.08723505958914757,0.017355769872665405,0.6381960199004975,0.11299991966868653,0.0366991219114511,2.7456323477324163,1.116902604568715,0.07957977801561356,34,0.0027124810726383134,1.1692629134119132,0.9851621852798772,201,0.09345141798257828,0.31341687433284277,0.39747939754835365,0.3592378374055683,1005000,2.4243514314609804,416_57389_110765,0.9578762936070178,0.39766169154228853,0.5249950248756219,0.7691144278606965,0.18353004377940146,0.06569828523464843,2.5739543655435924,0.9033431113128635
0.6837270096885926,0.8940744942325916,1.5143035307663846,0.0,,0,toytrain,0.009540297091007233,0.044529177248477936,0.009540297091007233,0.6374069306930693,0.10443710370807224,0.030324153465853702,1.3414889466151168,0.5146577024046678,0.051732687279582024,34,0.002437939445106584,1.0778999598009673,0.9802836389222404,202,0.06109156273305416,0.3079194913054051,0.34093690336330174,0.3723987374946285,1010000,2.4380930669223675,240_25394_51994,0.9525489630323603,0.2582079207920792,0.4540990099009901,0.757009900990099,0.1483339047233288,0.06908724939490445,2.213418513303673,0.824118561009123
0.8258599735388888,0.9729640044222222,1.56222257104373,0.0,,0,teddybear,0.015641657635569572,0.047437721863389015,0.015641657635569572,0.694655,0.11322842926135952,0.026154352841223714,1.9846183315084631,0.647108720783988,0.06578943878412247,34,0.0024775354270573035,0.9301988312502103,0.9741545273182662,200,0.0844532921910286,0.5984333029778282,0.5054856316632674,0.6340765871664718,1000000,2.358487053227109,34_1479_4753,0.8760177006486692,0.45776,0.72777,0.95158,0.21646851122461205,0.06801030426465954,3.0207674968882277,0.6967075855607501
0.6976043296302477,0.833732394690692,1.0845910608247107,0.0,,0,skateboard,0.0615113228559494,0.09950678050518036,0.0615113228559494,0.941410536239864,0.11211576381985518,0.0407248429950092,4.0840519858662665,1.53821567588225,0.10644824057817459,34,0.0017696594678987445,1.0036873106318205,0.9946273990404292,202,0.16981621086597443,0.3098854458082618,0.3840522408560892,0.3107194558634918,1009772,3.593599558040746,366_39266_76077,0.9978249581124272,0.15950999227554516,0.18664461565885637,0.7300699162193746,0.14968436928851006,0.06145206496506453,5.169056818939248,1.9698720442791227
0.8754069351388889,0.9597741217388889,1.6736036226232502,0.0,,0,hydrant,0.02311515249311924,0.05345022492110729,0.02311515249311924,0.787313,0.09156566346778776,0.028135457702140515,1.867475153810231,1.0011168969873852,0.054781001061201096,34,0.002160344438008542,0.9653647518895165,0.9566183824952069,200,0.07988546788692474,0.653731398166714,0.6595033232844295,0.6707098664034039,1000000,3.32404929417405,167_18184_34441,0.9516360206834465,0.56476,0.63466,0.93215,0.16171233947438235,0.05299817369889379,5.282187591758643,1.1437055623480976
0.76637969410951,0.9127113515613937,1.1166121202003958,0.0,,0,skateboard,0.015537439845502377,0.04183485358953476,0.015537439845502377,0.7872475247524753,0.06776782878539535,0.02286472885683187,1.656550039341707,0.7120794312409445,0.04831930063664913,34,0.00193154968864131,1.0003891508771467,0.993222605834253,202,0.06505417078733444,0.4250078464897039,0.3938478421300795,0.4411450949040513,1010000,3.0228020447280204,245_26182_52130,0.9848696186935288,0.33163366336633665,0.48716831683168316,0.9018118811881188,0.10489038467469167,0.04005111030526505,2.6340927872507667,1.0666515021197989
0.7143064727042011,0.875884443562178,1.2962208597512077,0.0,,0,cake,0.009250447154045105,0.05480577237904072,0.009250447154045105,0.6089346534653466,0.14483724313073892,0.05448780266627761,2.4381580171415385,1.0428039878518747,0.0850420854985714,34,0.002641884549598925,1.0374543734286352,0.9853749625990141,202,0.09358293190598488,0.20074205852716648,0.15776068826622097,0.27012001625542176,1010000,2.304739563132679,374_42274_84517,0.9627832776372724,0.2691782178217822,0.4001683168316832,0.623009900990099,0.21634323447069403,0.07188740261342164,3.753910158436591,1.2284234791522186
0.8564996866098644,0.9331756014342735,1.4743554273604358,0.0,,0,hydrant,0.024063678458333015,0.0588498767465353,0.024063678458333015,0.7899340782122906,0.1209307627724855,0.03769699316309798,1.0719894279139472,0.5614431310052861,0.04227818734943867,30,0.001998583750700241,0.9761019136683878,0.9684785235853596,179,0.06643692031502724,0.5728172922674605,0.6257571525979734,0.5851085973224164,895000,3.2040260131872964,411_56064_108483,0.957179046238951,0.5265698324022346,0.5287597765363129,0.9308379888268157,0.15732674013653056,0.06100306577552026,1.8707351405659756,0.8439157867134368
0.7020717817944444,0.8846266314333333,1.0426421163549795,0.0,,0,remote,0.01169491745531559,0.0630483403801918,0.01169491745531559,0.609849,0.1710669747207812,0.052629852421980025,1.6972728920295446,0.7685883856908498,0.07549042627215385,34,0.002681917486733715,1.037243712392815,0.9975212945132422,200,0.08782535791397095,0.27828813737705976,0.22537546772008915,0.3486363757501343,1000000,2.74380764815873,195_20989_41543,1.0235143258633175,0.34139,0.41848,0.71686,0.22137897142157698,0.06807835488525972,8.120494431742674,0.9645533756207267
0.6886438735347424,0.8827193207574859,1.079969599100729,0.0,,0,book,0.014186359941959381,0.04801589250564575,0.014186359941959381,0.6801174279732507,0.15020148177393333,0.047818793837924714,2.6274248948415746,1.4891553815187906,0.09627678990364075,34,0.0023775670892784042,0.9916034732666816,0.9951260990089608,202,0.1100795790553093,0.2789178296556064,0.20128259365904488,0.3218431905900819,993971,2.6738232104342448,247_26469_51778,1.0301084104452713,0.27483450371234835,0.3707016237751263,0.5915813195436528,0.21671839773903778,0.07125479708433027,3.2373917784468538,1.6099382834438576
0.8930484380186078,0.8985601410372247,1.052461820702583,0.47058823529411764,g0006;g0007;g0008;g0009;g0011;g0012;g0013;g0014;g0015;g0019;g0020;g0021;g0022;g0023;g0024;g0027,16,cake,0.021048039197921753,0.11361609026789665,0.021048039197921753,0.644628600808352,0.5967706067568611,0.21325777406705376,10.020120450168008,5.569108882631129,0.4712652415037155,34,0.0030447960534537894,1.002753889001034,0.9985219989668879,202,0.4902175962924957,0.507664206497115,0.4755275936768305,0.5393012049336285,840228,2.971041859929951,403_53094_103680,0.9106341265511899,0.35967532699379934,0.3710412625114552,0.8456494055199172,0.5996284268901388,0.22191871535385324,11.130964565661788,5.923337958571166
0.6763587386053302,0.9406465678967526,1.5201834099450984,0.0,,0,plant,0.013909272849559784,0.04694770649075508,0.013909272849559784,0.683883003639064,0.11866309722046038,0.037632018108451654,1.5204187486794534,0.7052186333062926,0.07994160056114197,33,0.00326824609672187,1.1600306689658424,0.9794388297622424,198,0.09620837867259979,0.38217883705135786,0.32738603081935874,0.4451859137939765,988441,2.162096917864239,247_26441_50907,1.0863623327574508,0.3219485052354697,0.5413829733421013,0.7339268551772978,0.19710394605032702,0.07011676967639965,2.0888151904312853,1.005310483268641
0.7170078341393112,0.8572586194695844,1.476584200772829,0.0,,0,suitcase,0.022436311468482018,0.06773156300187111,0.022436311468482018,0.7555896809789255,0.15680862562697734,0.0354219430348707,2.4494718594033458,0.6510152767894053,0.06777770444750786,34,0.0026907690907854117,0.8728484170886674,0.9583348323060111,202,0.08878133445978165,0.3162011916749167,0.38771987496820703,0.33739795423539753,946834,2.6580335579832566,410_55734_107452,0.8308359532473409,0.3023953360652275,0.38326433188289466,0.8400363313759452,0.158014422312078,0.046680341645236656,2.8427472213331155,1.0161269922105984
0.594810323365087,0.9131839022414696,1.1057469298137628,0.0,,0,mouse,0.014759555459022522,0.0940789207816124,0.014759555459022522,0.6143030315429823,0.2974276184535081,0.09898621507021875,3.519562683406853,1.1173861929439097,0.1299612671136856,34,0.0039703973940236415,1.0112126962443797,0.9919603444207994,201,0.14603354036808014,0.29642328804877366,0.19823320870136177,0.35514411213419145,977555,2.529247857674115,377_43416_86289,0.9826473012108624,0.2001104791521748,0.5402635132370391,0.84452105241622,0.2923899261781042,0.13113113891476708,4.3095916471978315,1.5197986728434656
0.6067692083728174,0.8122596500234182,1.328955093221916,0.0,,0,book,0.0006836466491222382,0.054935142397880554,0.0006836466491222382,0.5094732673267327,0.06295768875565899,0.023764949533521516,2.147883719603623,1.1211643122875574,0.08035379275679588,34,0.0023074361244463815,1.1695653984414518,0.9779418065483232,202,0.08220100402832031,0.19999572262533852,0.1643116049320262,0.2925093656507334,1010000,3.029417105722401,119_13962_28926,1.0693277992821557,0.19801980198019803,0.29874257425742573,0.5833366336633663,0.1406466622328074,0.045986378090346225,2.5754900398280904,1.156276017248538
0.4708830709026348,0.5402446661275039,1.3246083409510692,0.0,,0,apple,-0.02723870798945427,0.0973055437207222,0.0,0.2995762376237624,0.24243675464174205,0.09291166466868606,5.663200183757636,2.3350147750366905,0.18865709751844406,34,0.0036273620066507675,0.9484944620515154,0.9955765606783746,202,0.15536627918481827,-0.2708315957000945,-0.15209989951130284,-0.08164777778218828,1010000,2.5035347974658397,110_13051_23361,0.9172987169449952,0.12196039603960396,0.1297821782178218,0.32644554455445546,0.26661617107016344,0.07270952903204068,6.027547312810459,2.3266751808089605
0.6922186341870502,0.9193433416847125,1.277893382423469,0.0,,0,broccoli,0.024175502359867096,0.05029685236513615,0.024175502359867096,0.7969738219895288,0.12511790906949727,0.03812612844284327,1.7318859877059585,0.8612680720541953,0.06693966314196587,32,0.002623151636952554,0.9867412467325865,0.992357682099783,191,0.09183384105563164,0.49635586403941645,0.3571094328082346,0.5186635940492483,955000,2.3501066765789154,372_41112_81867,0.9831110232414446,0.3010261780104712,0.4723350785340314,0.8576439790575916,0.17811270462042553,0.06563738466255149,2.6811421061738683,1.1018032911389182
0.6971304395231666,0.8889264931695573,1.2949186017771148,0.0,,0,mouse,0.023244410753250122,0.06059477478265762,0.023244410753250122,0.7292974232149348,0.32281201772652496,0.13758249164942815,4.416329448624825,2.0739130621164117,0.1314525604248047,34,0.0025498589137481027,0.9530587244570161,0.980592386892229,202,0.15327781438827515,0.34451930440782724,0.3045704830041164,0.3779450399289397,1009669,2.58263936120731,107_12753_23606,0.9627994049929804,0.18993334455812294,0.3855616191428883,0.7346855903413987,0.33011778750554766,0.14905840228970793,4.976171416803634,2.6857207115695294
0.7912791999912863,0.961169214456099,1.156570250264214,0.0,,0,toytruck,0.016849620267748833,0.04029107838869095,0.016849620267748833,0.7768326732673267,0.12677400739838102,0.03826609255747554,1.4057300004608595,0.6228904408396947,0.0436872448772192,34,0.0021659889985535885,1.0033544559059964,0.9934013783973493,202,0.06210408918559551,0.581830399804413,0.46796763569895156,0.5981182938418897,1010000,2.7118931940999773,346_36113_66551,0.9437830718739478,0.3962079207920792,0.6323762376237624,0.911930693069307,0.1606071537483041,0.05333155308369699,1.8101578351647152,0.8152944878823106
0.7179448364277777,0.9374968940722223,0.9593303766005883,0.0,,0,vase,0.030835414305329323,0.07060516998171806,0.030835414305329323,0.777043,0.173632264749203,0.05504476652434422,4.0336012816077345,1.3753234822554394,0.0988507829606533,34,0.0032919993914149507,0.9235256641763964,1.0032215304915382,200,0.1299024373292923,0.5078148489581067,0.38083322529683666,0.533068125799348,1000000,2.6998837787886067,380_44863_89631,0.9907502345428914,0.33053,0.53917,0.82609,0.24385237830451684,0.08365067485130678,4.315921364474941,1.6912738419575215
0.468916531761592,0.7960105045910532,1.137900490064871,0.0,,0,apple,0.0768151581287384,0.16141542047262192,0.0768151581287384,0.7884118811881188,0.17719567085454463,0.07210169328658461,4.009297871405043,2.147505056286995,0.26159532368183136,34,0.0032676516975405317,1.123766039709207,0.9951032947177569,202,0.337469145655632,0.0859520577678241,-0.08879574006150066,0.11093974894497659,1010000,2.4531177595443223,189_20393_38136,1.0786579501861766,0.036158415841584156,0.1495049504950495,0.42288118811881187,0.3057550893029019,0.12614423250509094,6.290192719198963,3.2015116946313213
0.7023003733294122,0.8956704786731149,1.105483306372265,0.0,,0,ball,0.020552940666675568,0.07190798595547676,0.020552940666675568,0.7118881188118812,0.1701124914441244,0.04300640714725005,2.256371143062783,0.7650362401726929,0.059107830747962,34,0.00194039400577623,1.0657705770441337,0.997957819349206,202,0.08022311702370644,0.3658869442347311,0.3367690520115542,0.4038217233706598,1010000,2.4414479182442994,375_42693_85518,0.9766731126385141,0.21016831683168316,0.39253465346534655,0.803980198019802,0.20489394490043264,0.07130857789795426,3.0995892086889607,1.2430835375776605
0.8080136491700399,0.9082859929032229,1.0128684192933521,0.0,,0,vase,0.04721194505691528,0.09209537878632545,0.04721194505691528,0.8188196935375355,0.12076242543290637,0.048652110351071434,3.0824494188391007,1.1785827704138963,0.13675744086503983,34,0.00541933882344185,1.1047790288160166,0.9993567323244835,201,0.18590150773525238,0.5395841479012875,0.5719844533099647,0.5496317497610662,1004756,2.0167201240953894,374_41862_83720,1.0828540088127683,0.3954874795971177,0.39066045622835305,0.9310581631434373,0.19441221938998915,0.07434987991510139,4.380725358711048,1.8032234165498502
0.7791982837084999,0.9623277124968521,1.0765970550260624,0.1,g0007;g0008,2,bowl,0.046632058918476105,0.09524491429328918,0.046632058918476105,0.7757294700134366,0.3496818259780944,0.1361691868648913,2.9483899113831757,0.9918618627220033,0.1434018313884735,20,0.0051569244340306745,1.0801980534605669,0.993071771758098,117,0.193106546998024,0.4989451566979488,0.3130361716391785,0.5279684734474649,573807,1.9637191913679315,69_5465_12831,1.0334135685370014,0.3920984297938342,0.5814642477475123,0.8803262403931615,0.45713019799630766,0.15741149357873196,5.673816984069393,1.265344818639306
0.9747763209667912,0.9754308869236885,0.7306844291385639,0.8235294117647058,g0000;g0001;g0003;g0004;g0006;g0007;g0010;g0011;g0012;g0013;g0015;g0016;g0017;g0018;g0019;g0020;g0021;g0022;g0023;g0024;g0025;g0026;g0027;g0028;g0029;g0030;g0032;g0033,28,bowl,0.18179741501808167,0.30807308852672577,0.18179741501808167,0.9049789392178103,2.2288145634985965,0.31579458535989957,63.083418970532264,8.37142548875337,0.654064953327179,34,0.003522679436971469,1.0320996179831008,1.0067398190233663,202,0.8494570255279541,0.5918017509924312,0.6899469866496093,0.5978209937574904,1009934,2.4644611775099245,70_5792_13401,1.0483199294166126,0.8482781155316157,0.6759213418618928,0.8941917341624255,3.890433846221746,0.33076659544296094,172.88996207663592,9.493682932559967
0.6449403412161985,0.899295078141287,1.1237065513947182,0.0,,0,toytrain,0.01683085970580578,0.040818797424435616,0.01683085970580578,0.7685023162110888,0.10059290185695711,0.02601050932030107,2.960635651164495,1.1108904358981317,0.059862831607460976,34,0.001489532069485827,1.0701233425306147,0.993026103816479,201,0.07689376175403595,0.32323185197659965,0.2411547788150759,0.34957569111300024,1004658,2.8739546334520294,399_51323_100753,1.010426821630534,0.23091394103477794,0.4302550116457309,0.7198256126450739,0.15766216817056686,0.04570870723549249,4.299035794707449,1.6024528648939893
